counter,time,x,y,w,h
1,22,332,26,13,11
2,22,413,25,15,11
1,22,333,27,13,11
2,22,414,26,15,11
1,22,335,28,13,11
2,22,415,27,15,11
1,22,333,29,13,11
2,22,414,28,15,11
1,22,333,27,13,11
2,22,414,26,15,11
1,22,336,27,13,11
2,22,417,26,15,11
1,22,333,28,13,11
2,22,414,28,15,11
1,22,335,28,13,11
2,22,415,27,15,11
1,23,334,28,13,11
2,23,416,27,15,11
1,23,333,27,13,11
2,23,415,27,15,11
1,23,335,28,13,11
2,23,416,27,15,11
1,23,336,29,13,11
2,23,418,28,15,11
1,23,336,29,13,11
2,23,417,29,15,11
1,23,337,28,13,11
2,23,418,28,15,11
1,23,335,28,13,11
2,23,417,28,15,11
1,23,336,29,13,11
2,23,417,28,15,11
1,23,336,30,13,11
2,23,418,29,15,11
1,23,336,31,13,11
2,23,417,29,15,11
1,24,337,30,13,11
2,24,419,28,15,11
1,24,337,29,13,11
2,24,419,27,15,11
1,24,336,29,13,11
2,24,418,28,15,11
1,24,335,30,13,11
2,24,417,29,15,11
1,24,338,30,13,11
2,24,421,29,15,11
1,24,341,29,13,11
2,24,422,28,15,11
1,24,338,30,13,11
2,24,422,29,15,11
1,24,335,30,13,11
2,24,421,28,15,11
1,24,334,30,13,11
2,24,421,28,15,11
1,24,335,31,13,11
2,24,421,29,15,11
1,25,338,29,13,11
2,25,423,26,15,11
1,25,339,32,13,11
2,25,424,28,15,11
1,25,337,33,13,11
2,25,421,30,15,11
1,25,339,33,13,11
2,25,421,29,15,11
1,25,339,31,13,11
2,25,421,28,15,11
1,25,339,33,13,11
2,25,421,30,15,11
1,25,339,35,13,11
2,25,422,32,15,11
1,25,339,33,13,11
2,25,421,30,15,11
1,25,340,34,13,11
2,25,423,30,15,11
1,25,342,34,13,11
2,25,425,31,15,11
1,26,340,35,13,11
2,26,423,32,15,11
1,26,341,34,13,11
2,26,423,32,15,11
1,26,342,34,13,11
2,26,424,31,15,11
1,26,341,34,13,11
2,26,424,30,15,11
1,26,341,34,13,11
2,26,423,31,15,11
1,26,342,35,13,11
2,26,424,32,15,11
1,26,342,37,13,11
2,26,425,33,15,11
1,26,341,35,13,11
2,26,423,32,15,11
1,26,340,35,13,11
2,26,424,31,15,11
1,26,342,37,13,11
2,26,425,33,15,11
1,27,342,38,13,11
2,27,426,33,15,11
1,27,343,37,13,11
2,27,426,32,15,11
1,27,343,38,13,11
2,27,426,33,15,11
1,27,341,39,13,11
2,27,425,35,15,11
1,27,342,37,13,11
2,27,426,33,15,11
1,27,344,38,13,11
2,27,427,33,15,11
1,27,344,39,13,11
2,27,428,34,15,11
1,27,344,37,13,11
2,27,428,32,15,11
1,27,343,38,13,11
2,27,426,34,15,11
1,27,342,40,13,11
2,27,425,34,15,11
1,28,344,39,13,11
2,28,428,32,15,11
1,28,343,38,13,11
2,28,427,32,15,11
1,28,341,39,13,11
2,28,428,32,15,11
1,28,341,39,13,11
2,28,428,33,15,11
1,28,341,41,13,11
2,28,429,34,15,11
1,28,342,39,13,11
2,28,430,33,15,11
1,28,342,36,13,11
2,28,430,30,15,11
1,28,341,37,13,11
2,28,429,30,15,11
1,28,342,38,13,11
2,28,427,33,15,11
1,28,344,39,13,11
2,28,429,34,15,11
1,29,343,38,13,11
2,29,427,33,15,11
1,29,342,37,13,11
2,29,427,33,15,11
1,29,342,38,13,11
2,29,427,34,15,11
1,29,343,39,13,11
2,29,427,35,15,11
1,29,344,39,13,11
2,29,428,36,15,11
1,29,344,37,13,11
2,29,429,34,15,11
1,29,344,39,13,11
2,29,429,37,15,11
1,29,344,40,13,11
2,29,429,39,15,11
1,30,345,39,13,11
2,30,430,38,15,11
1,30,345,39,13,11
2,30,430,38,15,11
1,30,347,41,13,11
2,30,431,40,15,11
1,30,346,40,13,11
2,30,431,39,15,11
1,30,344,41,13,11
2,30,430,41,15,11
1,30,345,43,13,11
2,30,430,43,15,11
1,30,347,40,13,11
2,30,431,40,15,11
1,30,346,38,13,11
2,30,432,39,15,11
1,30,346,44,13,11
2,30,431,44,15,11
1,30,345,43,13,11
2,30,431,43,15,11
1,30,346,39,13,11
2,30,432,40,15,11
1,31,345,39,13,11
2,31,431,39,15,11
1,31,347,41,13,11
2,31,432,42,15,11
1,31,347,42,13,11
2,31,433,43,15,11
1,31,345,41,13,11
2,31,430,42,15,11
1,31,347,42,13,11
2,31,432,43,15,11
1,31,346,42,13,11
2,31,431,42,15,11
1,31,346,43,13,11
2,31,430,44,15,11
1,31,348,42,13,11
2,31,433,42,15,11
1,31,348,44,13,11
2,31,433,44,15,11
1,32,344,45,13,11
2,32,434,44,15,11
1,32,346,41,13,11
2,32,436,41,15,11
1,32,345,44,13,11
2,32,435,43,15,11
1,32,344,46,13,11
2,32,434,45,15,11
1,32,345,44,13,11
2,32,435,43,15,11
1,32,345,44,13,11
2,32,435,44,15,11
1,32,345,47,13,11
2,32,432,46,15,11
1,32,347,44,13,11
2,32,434,44,15,11
1,32,348,46,13,11
2,32,435,45,15,11
1,32,345,47,13,11
2,32,432,45,15,11
1,32,348,46,13,11
2,32,434,44,15,11
1,33,349,47,13,11
2,33,434,45,15,11
1,33,348,49,13,11
2,33,433,48,15,11
1,33,347,47,13,11
2,33,434,46,15,11
1,33,348,46,13,11
2,33,434,45,15,11
1,33,347,49,13,11
2,33,434,48,15,11
1,33,350,48,13,11
2,33,436,48,15,11
1,33,349,50,13,11
2,33,435,49,15,11
1,33,347,51,13,11
2,33,433,49,15,11
1,33,348,49,13,11
2,33,434,47,15,11
1,33,348,50,13,11
2,33,435,49,15,11
1,34,348,50,13,11
2,34,435,48,15,11
1,34,349,50,13,11
2,34,436,49,15,11
1,34,348,52,13,11
2,34,434,50,15,11
1,34,346,49,13,11
2,34,433,48,15,11
1,34,349,50,13,11
2,34,437,49,15,11
1,34,349,51,13,11
2,34,437,51,15,11
1,34,349,51,13,11
2,34,436,51,15,11
1,34,348,52,13,11
2,34,435,52,15,11
1,34,348,52,13,11
2,34,436,52,15,11
1,35,349,51,13,11
2,35,437,51,15,11
1,35,350,52,13,11
2,35,437,52,15,11
1,35,346,52,13,11
2,35,435,52,15,11
1,35,347,51,13,11
2,35,435,51,15,11
1,35,349,52,13,11
2,35,437,52,15,11
1,35,350,52,13,11
2,35,438,52,15,11
1,35,348,50,13,11
2,35,439,50,15,11
1,35,347,51,13,11
2,35,439,51,15,11
1,35,349,54,13,11
2,35,442,54,15,11
1,35,348,53,13,11
2,35,439,53,15,11
1,36,350,53,13,11
2,36,441,53,15,11
1,36,348,55,13,11
2,36,440,55,15,11
1,36,350,55,13,11
2,36,438,55,15,11
1,36,350,54,13,11
2,36,438,55,15,11
1,36,351,55,13,11
2,36,440,56,15,11
1,36,352,56,13,11
2,36,439,57,15,11
1,36,350,54,13,11
2,36,437,55,15,11
1,36,350,57,13,11
2,36,437,58,15,11
1,36,352,57,13,11
2,36,439,58,15,11
1,36,353,57,13,11
2,36,440,57,15,11
1,36,350,57,13,11
2,36,438,58,15,11
1,37,352,58,13,11
2,37,440,58,15,11
1,37,352,59,13,11
2,37,440,60,15,11
1,37,351,56,13,11
2,37,440,57,15,11
1,37,351,57,13,11
2,37,439,58,15,11
1,37,352,60,13,11
2,37,441,60,15,11
1,37,350,57,13,11
2,37,440,58,15,11
1,37,350,56,13,11
2,37,439,56,15,11
1,37,353,58,13,11
2,37,440,58,15,11
1,37,353,59,13,11
2,37,442,59,15,11
1,38,351,59,13,11
2,38,441,58,15,11
1,38,352,58,13,11
2,38,441,57,15,11
1,38,352,60,13,11
2,38,440,60,15,11
1,38,350,60,13,11
2,38,439,61,15,11
1,38,354,60,13,11
2,38,444,60,15,11
1,38,352,63,13,11
2,38,442,63,15,11
1,38,351,63,13,11
2,38,439,63,15,11
1,38,353,62,13,11
2,38,442,62,15,11
1,38,354,60,13,11
2,38,443,60,15,11
1,38,352,61,13,11
2,38,440,60,15,11
1,38,354,61,13,11
2,38,443,61,15,11
1,39,352,61,13,11
2,39,445,60,15,11
1,39,351,62,13,11
2,39,445,61,15,11
1,39,352,61,13,11
2,39,447,60,15,11
1,39,352,63,13,11
2,39,446,62,15,11
1,39,350,63,13,11
2,39,445,62,15,11
1,39,353,63,13,11
2,39,448,62,15,11
1,39,352,65,13,11
2,39,446,63,15,11
1,39,354,65,13,11
2,39,444,63,15,11
1,39,354,64,13,11
2,39,444,63,15,11
1,39,352,64,13,11
2,39,442,64,15,11
1,40,354,64,13,11
2,40,445,62,15,11
1,40,356,65,13,11
2,40,447,63,15,11
1,40,354,66,13,11
2,40,443,64,15,11
1,40,353,66,13,11
2,40,443,64,15,11
1,40,354,64,13,11
2,40,445,62,15,11
1,40,353,66,13,11
2,40,443,64,15,11
1,40,355,64,13,11
2,40,445,63,15,11
1,40,355,65,13,11
2,40,446,64,15,11
1,40,352,66,13,11
2,40,443,64,15,11
1,41,355,66,13,11
2,41,445,64,15,11
1,41,355,68,13,11
2,41,446,66,15,11
1,41,353,67,13,11
2,41,443,65,15,11
1,41,357,68,13,11
2,41,447,66,15,11
1,41,358,70,13,11
2,41,448,69,15,11
1,41,356,69,13,11
2,41,446,68,15,11
1,41,355,69,13,11
2,41,446,67,15,11
1,41,356,70,13,11
2,41,446,69,15,11
1,41,356,70,13,11
2,41,447,68,15,11
1,41,356,69,13,11
2,41,448,68,15,11
1,41,356,69,13,11
2,41,446,69,15,11
1,42,357,71,13,11
2,42,448,70,15,11
1,42,358,71,13,11
2,42,449,70,15,11
1,42,358,71,13,11
2,42,449,70,15,11
1,42,357,73,13,11
2,42,448,71,15,11
1,42,357,73,13,11
2,42,448,72,15,11
1,42,357,72,13,11
2,42,448,72,15,11
1,42,356,71,13,11
2,42,451,71,15,11
1,42,356,71,13,11
2,42,452,70,15,11
1,42,355,72,13,11
2,42,451,72,15,11
1,42,355,71,13,11
2,42,450,71,15,11
1,43,355,71,13,11
2,43,451,71,15,11
1,43,356,73,13,11
2,43,452,73,15,11
1,43,355,72,13,11
2,43,449,74,15,11
1,43,359,71,13,11
2,43,450,73,15,11
1,43,358,74,13,11
2,43,450,75,15,11
1,43,357,73,13,11
2,43,450,74,15,11
1,43,360,74,13,11
2,43,452,75,15,11
1,43,361,75,13,11
2,43,453,76,15,11
1,43,360,75,13,11
2,43,452,76,15,11
1,43,359,73,13,11
2,43,452,76,15,11
1,44,359,76,13,11
2,44,451,77,15,11
1,44,359,76,13,11
2,44,451,77,15,11
1,44,359,75,13,11
2,44,451,76,15,11
1,44,360,75,13,11
2,44,452,77,15,11
1,44,360,74,13,11
2,44,452,77,15,11
1,44,360,74,13,11
2,44,452,76,15,11
1,44,359,75,13,11
2,44,451,77,15,11
1,44,360,75,13,11
2,44,452,77,15,11
1,44,360,76,13,11
2,44,453,77,15,11
1,44,359,77,13,11
2,44,452,78,15,11
1,45,360,77,13,11
2,45,453,78,15,11
1,45,362,76,13,11
2,45,454,77,15,11
1,45,360,76,13,11
2,45,453,77,15,11
1,45,359,76,13,11
2,45,452,78,15,11
1,45,360,75,13,11
2,45,453,77,15,11
1,45,360,74,13,11
2,45,452,75,15,11
1,45,361,75,13,11
2,45,454,77,15,11
1,45,362,78,13,11
2,45,454,79,15,11
1,45,360,76,13,11
2,45,453,77,15,11
1,45,361,76,13,11
2,45,454,77,15,11
1,46,361,77,13,11
2,46,455,78,15,11
1,46,361,77,13,11
2,46,455,78,15,11
1,46,358,75,13,11
2,46,457,75,15,11
1,46,359,75,13,11
2,46,458,76,15,11
1,46,360,76,13,11
2,46,459,76,15,11
1,46,359,77,13,11
2,46,458,78,15,11
1,46,359,76,13,11
2,46,458,76,15,11
1,46,360,75,13,11
2,46,459,75,15,11
1,46,359,76,13,11
2,46,455,76,15,11
1,46,359,76,13,11
2,46,453,76,15,11
1,47,363,76,13,11
2,47,457,77,15,11
1,47,364,76,13,11
2,47,457,76,15,11
1,47,362,78,13,11
2,47,456,78,15,11
1,47,363,78,13,11
2,47,457,77,15,11
1,47,361,76,13,11
2,47,455,75,15,11
1,47,362,77,13,11
2,47,457,76,15,11
1,47,365,79,13,11
2,47,459,78,15,11
1,47,363,79,13,11
2,47,458,79,15,11
1,47,363,77,13,11
2,47,458,76,15,11
1,48,363,76,13,11
2,48,458,75,15,11
1,48,363,79,13,11
2,48,458,79,15,11
1,48,365,79,13,11
2,48,460,78,15,11
1,48,365,76,13,11
2,48,460,75,15,11
1,48,364,79,13,11
2,48,458,77,15,11
1,48,365,80,13,11
2,48,460,79,15,11
1,48,365,76,13,11
2,48,461,76,15,11
1,48,365,77,13,11
2,48,460,76,15,11
1,48,364,79,13,11
2,48,459,77,15,11
1,48,364,79,13,11
2,48,460,78,15,11
1,48,363,75,13,11
2,48,458,74,15,11
1,49,365,75,13,11
2,49,460,73,15,11
1,49,363,75,13,11
2,49,459,75,15,11
1,49,364,78,13,11
2,49,460,77,15,11
1,49,364,77,13,11
2,49,461,76,15,11
1,49,365,76,13,11
2,49,461,76,15,11
1,49,365,75,13,11
2,49,460,75,15,11
1,49,367,76,13,11
2,49,463,75,15,11
1,49,366,75,13,11
2,49,462,75,15,11
1,49,363,75,13,11
2,49,463,74,15,11
1,49,364,75,13,11
2,49,465,73,15,11
1,50,366,74,13,11
2,50,467,73,15,11
1,50,366,75,13,11
2,50,467,74,15,11
1,50,364,75,13,11
2,50,465,75,15,11
1,50,365,75,13,11
2,50,466,75,15,11
1,50,366,75,13,11
2,50,462,75,15,11
1,50,368,75,13,11
2,50,464,76,15,11
1,50,367,76,13,11
2,50,464,76,15,11
1,50,367,76,13,11
2,50,463,76,15,11
1,50,370,75,13,11
2,50,467,76,15,11
1,50,370,77,13,11
2,50,466,77,15,11
1,51,369,78,13,11
2,51,465,79,15,11
1,51,369,76,13,11
2,51,466,76,15,11
1,51,370,76,13,11
2,51,467,76,15,11
1,51,370,78,13,11
2,51,468,78,15,11
1,51,370,76,13,11
2,51,468,77,15,11
1,51,370,77,13,11
2,51,468,78,15,11
1,51,368,78,13,11
2,51,465,79,15,11
1,51,371,77,13,11
2,51,469,78,15,11
1,51,371,77,13,11
2,51,468,78,15,11
1,51,370,79,13,11
2,51,467,79,15,11
1,52,371,78,13,11
2,52,469,79,15,11
1,52,371,79,13,11
2,52,469,80,15,11
1,52,370,79,13,11
2,52,469,80,15,11
1,52,372,78,13,11
2,52,471,78,15,11
1,52,371,79,13,11
2,52,469,78,15,11
1,52,371,81,13,11
2,52,469,81,15,11
1,52,373,80,13,11
2,52,471,79,15,11
1,52,373,77,13,11
2,52,471,77,15,11
1,52,372,78,13,11
2,52,470,78,15,11
1,52,374,78,13,11
2,52,471,79,15,11
1,53,373,80,13,11
2,53,471,81,15,11
1,53,372,80,13,11
2,53,471,80,15,11
1,53,374,76,13,11
2,53,473,76,15,11
1,53,372,78,13,11
2,53,471,77,15,11
1,53,370,78,13,11
2,53,473,77,15,11
1,53,371,75,13,11
2,53,474,75,15,11
1,53,371,76,13,11
2,53,474,75,15,11
1,53,372,78,13,11
2,53,476,77,15,11
1,53,371,79,13,11
2,53,474,77,15,11
1,53,369,78,13,11
2,53,472,76,15,11
1,53,373,81,13,11
2,53,472,79,15,11
1,54,376,83,13,11
2,54,474,81,15,11
1,54,375,82,13,11
2,54,473,81,15,11
1,54,375,83,13,11
2,54,473,81,15,11
1,54,372,81,13,11
2,54,472,80,15,11
1,54,373,81,13,11
2,54,472,80,15,11
1,54,376,80,13,11
2,54,474,79,15,11
1,54,376,81,13,11
2,54,474,79,15,11
1,54,373,85,13,11
2,54,472,81,15,11
1,54,376,84,13,11
2,54,475,81,15,11
1,54,375,82,13,11
2,54,474,80,15,11
1,55,374,83,13,11
2,55,473,81,15,11
1,55,378,85,13,11
2,55,477,83,15,11
1,55,378,87,13,11
2,55,477,85,15,11
1,55,377,86,13,11
2,55,476,83,15,11
1,55,378,85,13,11
2,55,477,82,15,11
1,55,376,85,13,11
2,55,476,83,15,11
1,55,376,85,13,11
2,55,476,83,15,11
1,55,378,84,13,11
2,55,478,82,15,11
1,55,379,87,13,11
2,55,478,85,15,11
1,56,377,86,13,11
2,56,476,84,15,11
1,56,377,85,13,11
2,56,477,84,15,11
1,56,377,87,13,11
2,56,477,85,15,11
1,56,379,86,13,11
2,56,479,84,15,11
1,56,379,86,13,11
2,56,479,85,15,11
1,56,378,87,13,11
2,56,477,85,15,11
1,56,379,86,13,11
2,56,479,84,15,11
1,56,377,87,13,11
2,56,478,86,15,11
1,56,379,86,13,11
2,56,479,85,15,11
1,56,376,87,13,11
2,56,481,85,15,11
1,57,374,87,13,11
2,57,479,85,15,11
1,57,378,86,13,11
2,57,483,86,15,11
1,57,377,87,13,11
2,57,483,87,15,11
1,57,377,91,13,11
2,57,483,91,15,11
1,57,378,89,13,11
2,57,483,89,15,11
1,57,378,88,13,11
2,57,483,87,15,11
1,57,380,90,13,11
2,57,481,88,15,11
1,57,380,91,13,11
2,57,481,90,15,11
1,57,381,92,13,11
2,57,481,91,15,11
1,57,381,89,13,11
2,57,482,89,15,11
1,57,379,91,13,11
2,57,481,91,15,11
1,58,380,91,13,11
2,58,482,90,15,11
1,58,379,90,13,11
2,58,480,89,15,11
1,58,379,90,13,11
2,58,481,89,15,11
1,58,380,94,13,11
2,58,481,92,15,11
1,58,381,94,13,11
2,58,482,92,15,11
1,58,380,92,13,11
2,58,482,91,15,11
1,58,381,91,13,11
2,58,483,90,15,11
1,58,381,96,13,11
2,58,484,94,15,11
1,58,380,96,13,11
2,58,482,93,15,11
1,58,381,95,13,11
2,58,483,92,15,11
1,59,382,96,13,11
2,59,485,93,15,11
1,59,383,98,13,11
2,59,485,95,15,11
1,59,382,95,13,11
2,59,485,92,15,11
1,59,382,94,13,11
2,59,484,91,15,11
1,59,382,96,13,11
2,59,484,94,15,11
1,59,382,96,13,11
2,59,484,96,15,11
1,59,382,96,13,11
2,59,485,94,15,11
1,59,382,95,13,11
2,59,485,93,15,11
1,59,381,96,13,11
2,59,484,94,15,11
1,60,382,98,13,11
2,60,485,97,15,11
1,60,384,97,13,11
2,60,487,96,15,11
1,60,383,97,13,11
2,60,487,96,15,11
1,60,383,97,13,11
2,60,487,98,15,11
1,60,384,99,13,11
2,60,487,99,15,11
1,60,381,95,13,11
2,60,489,95,15,11
1,60,381,97,13,11
2,60,490,97,15,11
1,60,381,96,13,11
2,60,490,97,15,11
1,60,381,95,13,11
2,60,491,97,15,11
1,60,380,96,13,11
2,60,490,98,15,11
1,61,381,96,13,11
2,61,490,98,15,11
1,61,381,95,13,11
2,61,487,99,15,11
1,61,383,96,13,11
2,61,487,98,15,11
1,61,384,96,13,11
2,61,488,99,15,11
1,61,383,100,13,11
2,61,487,101,15,11
1,61,386,100,13,11
2,61,491,102,15,11
1,61,386,97,13,11
2,61,489,99,15,11
1,61,384,99,13,11
2,61,488,100,15,11
1,61,383,102,13,11
2,61,488,104,15,11
1,61,383,101,13,11
2,61,488,104,15,11
1,61,385,99,13,11
2,61,490,101,15,11
1,62,387,101,13,11
2,62,491,102,15,11
1,62,387,101,13,11
2,62,492,103,15,11
1,62,384,101,13,11
2,62,489,102,15,11
1,62,385,100,13,11
2,62,489,102,15,11
1,62,386,100,13,11
2,62,490,103,15,11
1,62,387,102,13,11
2,62,492,104,15,11
1,62,385,103,13,11
2,62,489,104,15,11
1,62,385,101,13,11
2,62,489,103,15,11
1,62,387,102,13,11
2,62,492,104,15,11
1,62,385,103,13,11
2,62,491,105,15,11
1,63,386,103,13,11
2,63,491,105,15,11
1,63,387,105,13,11
2,63,493,107,15,11
1,63,386,104,13,11
2,63,491,106,15,11
1,63,388,103,13,11
2,63,494,105,15,11
1,63,386,104,13,11
2,63,492,105,15,11
1,63,386,107,13,11
2,63,492,108,15,11
1,63,387,107,13,11
2,63,493,108,15,11
1,63,388,106,13,11
2,63,493,107,15,11
1,63,387,105,13,11
2,63,492,107,15,11
1,63,387,106,13,11
2,63,494,107,15,11
1,64,385,106,13,11
2,64,497,107,15,11
1,64,384,105,13,11
2,64,496,107,15,11
1,64,386,106,13,11
2,64,498,108,15,11
1,64,385,107,13,11
2,64,496,109,15,11
1,64,386,107,13,11
2,64,497,109,15,11
1,64,386,107,13,11
2,64,498,109,15,11
1,64,388,109,13,11
2,64,494,112,15,11
1,64,388,109,13,11
2,64,494,112,15,11
1,64,389,110,13,11
2,64,495,112,15,11
1,64,389,110,13,11
2,64,494,113,15,11
1,65,388,109,13,11
2,65,494,112,15,11
1,65,390,109,13,11
2,65,496,112,15,11
1,65,391,112,13,11
2,65,498,114,15,11
1,65,390,109,13,11
2,65,497,112,15,11
1,65,390,110,13,11
2,65,497,112,15,11
1,65,390,112,13,11
2,65,497,115,15,11
1,65,390,112,13,11
2,65,497,115,15,11
1,65,391,110,13,11
2,65,498,113,15,11
1,65,391,111,13,11
2,65,498,114,15,11
1,65,390,111,13,11
2,65,497,114,15,11
1,66,391,111,13,11
2,66,498,114,15,11
1,66,391,112,13,11
2,66,498,115,15,11
1,66,392,115,13,11
2,66,499,119,15,11
1,66,395,113,13,11
2,66,502,117,15,11
1,66,391,113,13,11
2,66,499,117,15,11
1,66,389,115,13,11
2,66,497,119,15,11
1,66,393,115,13,11
2,66,501,119,15,11
1,66,392,116,13,11
2,66,501,119,15,11
1,66,391,114,13,11
2,66,498,118,15,11
1,66,394,114,13,11
2,66,502,118,15,11
1,67,393,117,13,11
2,67,502,121,15,11
1,67,394,117,13,11
2,67,502,121,15,11
1,67,393,114,13,11
2,67,502,118,15,11
1,67,395,118,13,11
2,67,503,121,15,11
1,67,394,117,13,11
2,67,502,120,15,11
1,67,396,116,13,11
2,67,503,119,15,11
1,67,392,116,13,11
2,67,505,119,15,11
1,67,391,117,13,11
2,67,505,120,15,11
1,67,393,116,13,11
2,67,506,119,15,11
1,67,391,116,13,11
2,67,506,119,15,11
1,68,392,116,13,11
2,68,507,120,15,11
1,68,392,117,13,11
2,68,508,120,15,11
1,68,395,120,13,11
2,68,505,122,15,11
1,68,396,122,13,11
2,68,506,124,15,11
1,68,396,120,13,11
2,68,505,122,15,11
1,68,398,123,13,11
2,68,507,124,15,11
1,68,398,122,13,11
2,68,507,124,15,11
1,68,398,120,13,11
2,68,507,122,15,11
1,68,397,119,13,11
2,68,506,121,15,11
1,68,398,126,13,11
2,68,508,127,15,11
1,69,398,126,13,11
2,69,509,126,15,11
1,69,398,121,13,11
2,69,508,122,15,11
1,69,398,120,13,11
2,69,507,121,15,11
1,69,398,123,13,11
2,69,508,124,15,11
1,69,398,124,13,11
2,69,508,123,15,11
1,69,398,123,13,11
2,69,509,122,15,11
1,69,398,124,13,11
2,69,509,122,15,11
1,69,398,126,13,11
2,69,510,124,15,11
1,69,398,125,13,11
2,69,509,123,15,11
1,69,399,126,13,11
2,69,510,123,15,11
1,70,399,127,13,11
2,70,509,124,15,11
1,70,400,127,13,11
2,70,510,124,15,11
1,70,399,127,13,11
2,70,510,123,15,11
1,70,399,126,13,11
2,70,510,122,15,11
1,70,399,127,13,11
2,70,510,122,15,11
1,70,401,128,13,11
2,70,512,123,15,11
1,70,402,128,13,11
2,70,513,124,15,11
1,70,400,127,13,11
2,70,511,122,15,11
1,70,401,129,13,11
2,70,512,123,15,11
1,70,402,130,13,11
2,70,513,124,15,11
1,70,401,129,13,11
2,70,512,123,15,11
1,71,399,128,13,11
2,71,516,122,15,11
1,71,398,128,13,11
2,71,515,122,15,11
1,71,398,128,13,11
2,71,516,121,15,11
1,71,400,127,13,11
2,71,517,121,15,11
1,71,400,128,13,11
2,71,517,122,15,11
1,71,399,129,13,11
2,71,516,124,15,11
1,71,400,129,13,11
2,71,514,125,15,11
1,71,402,129,13,11
2,71,515,124,15,11
1,71,403,130,13,11
2,71,516,124,15,11
1,71,403,130,13,11
2,71,516,125,15,11
1,72,401,131,13,11
2,72,514,126,15,11
1,72,402,129,13,11
2,72,515,125,15,11
1,72,405,129,13,11
2,72,519,125,15,11
1,72,404,131,13,11
2,72,518,127,15,11
1,72,403,131,13,11
2,72,516,128,15,11
1,72,404,128,13,11
2,72,517,124,15,11
1,72,403,131,13,11
2,72,517,126,15,11
1,72,404,131,13,11
2,72,518,127,15,11
1,72,403,128,13,11
2,72,516,124,15,11
1,72,403,129,13,11
2,72,517,126,15,11
1,73,403,131,13,11
2,73,517,127,15,11
1,73,404,128,13,11
2,73,519,124,15,11
1,73,402,129,13,11
2,73,517,125,15,11
1,73,404,131,13,11
2,73,518,128,15,11
1,73,406,131,13,11
2,73,521,129,15,11
1,73,406,128,13,11
2,73,520,126,15,11
1,73,404,129,13,11
2,73,518,126,15,11
1,73,404,129,13,11
2,73,518,127,15,11
1,73,404,129,13,11
2,73,518,127,15,11
1,73,406,130,13,11
2,73,519,128,15,11
1,73,407,131,13,11
2,74,522,130,15,11
1,74,407,130,13,11
2,74,521,128,15,11
1,74,405,128,13,11
2,74,520,127,15,11
1,74,405,132,13,11
2,74,520,131,15,11
1,74,407,132,13,11
2,74,522,130,15,11
1,74,406,129,13,11
2,74,522,127,15,11
1,74,401,127,13,11
2,74,522,126,15,11
1,74,401,128,13,11
2,74,522,129,15,11
1,74,402,127,13,11
2,74,523,127,15,11
1,74,404,126,13,11
2,74,525,126,15,11
1,74,403,128,13,11
2,74,524,128,15,11
1,75,402,132,13,11
2,75,523,132,15,11
1,75,404,130,13,11
2,75,522,130,15,11
1,75,407,129,13,11
2,75,522,130,15,11
1,75,405,129,13,11
2,75,520,131,15,11
1,75,407,129,13,11
2,75,522,131,15,11
1,75,406,128,13,11
2,75,522,130,15,11
1,75,405,131,13,11
2,75,522,132,15,11
1,75,407,128,13,11
2,75,523,129,15,11
1,75,406,128,13,11
2,75,522,130,15,11
1,75,406,130,13,11
2,75,521,131,15,11
1,75,406,130,13,11
2,75,522,130,15,11
1,76,408,131,13,11
2,76,524,131,15,11
1,76,408,132,13,11
2,76,524,133,15,11
1,76,407,129,13,11
2,76,523,129,15,11
1,76,405,130,13,11
2,76,522,131,15,11
1,76,406,133,13,11
2,76,523,134,15,11
1,76,407,133,13,11
2,76,524,133,15,11
1,76,409,132,13,11
2,76,525,131,15,11
1,76,407,133,13,11
2,76,524,133,15,11
1,76,407,135,13,11
2,76,524,135,15,11
1,77,408,134,13,11
2,77,524,133,15,11
1,77,409,133,13,11
2,77,526,132,15,11
1,77,409,133,13,11
2,77,526,133,15,11
1,77,408,133,13,11
2,77,526,133,15,11
1,77,406,134,13,11
2,77,525,133,15,11
1,77,410,135,13,11
2,77,528,134,15,11
1,77,411,134,13,11
2,77,529,133,15,11
1,77,410,134,13,11
2,77,528,133,15,11
1,77,409,135,13,11
2,77,527,134,15,11
1,77,409,137,13,11
2,77,527,136,15,11
1,77,411,136,13,11
2,77,530,136,15,11
1,78,409,134,13,11
2,78,534,134,15,11
1,78,409,137,13,11
2,78,533,137,15,11
1,78,409,139,13,11
2,78,533,139,15,11
1,78,410,138,13,11
2,78,535,138,15,11
1,78,409,137,13,11
2,78,533,137,15,11
1,78,412,138,13,11
2,78,537,139,15,11
1,78,409,139,13,11
2,78,531,141,15,11
1,78,411,141,13,11
2,78,529,142,15,11
1,78,413,140,13,11
2,78,532,140,15,11
1,78,414,139,13,11
2,78,533,140,15,11
1,79,413,141,13,11
2,79,532,142,15,11
1,79,413,141,13,11
2,79,531,142,15,11
1,79,415,142,13,11
2,79,534,143,15,11
1,79,414,143,13,11
2,79,532,144,15,11
1,79,414,140,13,11
2,79,534,141,15,11
1,79,415,141,13,11
2,79,535,142,15,11
1,79,413,143,13,11
2,79,533,144,15,11
1,79,415,142,13,11
2,79,535,143,15,11
1,79,414,141,13,11
2,79,534,142,15,11
1,79,415,143,13,11
2,79,535,145,15,11
1,80,416,143,13,11
2,80,536,144,15,11
1,80,415,143,13,11
2,80,535,144,15,11
1,80,416,144,13,11
2,80,536,145,15,11
1,80,418,145,13,11
2,80,538,146,15,11
1,80,416,145,13,11
2,80,536,146,15,11
1,80,416,145,13,11
2,80,537,145,15,11
1,80,418,145,13,11
2,80,538,145,15,11
1,80,417,146,13,11
2,80,538,146,15,11
1,80,416,145,13,11
2,80,536,145,15,11
1,80,418,145,13,11
2,80,539,145,15,11
1,81,416,147,13,11
2,81,539,147,15,11
1,81,417,146,13,11
2,81,538,145,15,11
1,81,417,144,13,11
2,81,539,144,15,11
1,81,417,145,13,11
2,81,539,144,15,11
1,81,419,147,13,11
2,81,541,146,15,11
1,81,418,148,13,11
2,81,540,146,15,11
1,81,416,146,13,11
2,81,543,144,15,11
1,81,416,145,13,11
2,81,544,144,15,11
1,81,414,146,13,11
2,81,542,145,15,11
1,81,416,147,13,11
2,81,545,146,15,11
1,81,415,149,13,11
2,81,543,147,15,11
1,82,414,147,13,11
2,82,543,145,15,11
1,82,420,147,13,11
2,82,542,146,15,11
1,82,418,150,13,11
2,82,540,149,15,11
1,82,418,151,13,11
2,82,541,150,15,11
1,82,419,149,13,11
2,82,542,147,15,11
1,82,419,150,13,11
2,82,542,148,15,11
1,82,420,152,13,11
2,82,543,151,15,11
1,82,420,149,13,11
2,82,543,149,15,11
1,82,418,152,13,11
2,82,542,151,15,11
1,82,420,151,13,11
2,82,543,151,15,11
1,83,423,151,13,11
2,83,546,150,15,11
1,83,421,150,13,11
2,83,544,149,15,11
1,83,422,151,13,11
2,83,545,149,15,11
1,83,422,152,13,11
2,83,546,150,15,11
1,83,421,153,13,11
2,83,546,151,15,11
1,83,422,152,13,11
2,83,547,151,15,11
1,83,422,152,13,11
2,83,547,151,15,11
1,83,421,152,13,11
2,83,545,152,15,11
1,83,422,151,13,11
2,83,547,151,15,11
1,83,423,153,13,11
2,83,547,152,15,11
1,84,424,155,13,11
2,84,548,153,15,11
1,84,424,154,13,11
2,84,548,151,15,11
1,84,423,155,13,11
2,84,547,153,15,11
1,84,421,154,13,11
2,84,546,152,15,11
1,84,424,154,13,11
2,84,550,152,15,11
1,84,426,155,13,11
2,84,551,153,15,11
1,84,424,156,13,11
2,84,549,155,15,11
1,84,425,155,13,11
2,84,550,153,15,11
1,84,424,154,13,11
2,84,550,152,15,11
1,84,424,155,13,11
2,84,549,153,15,11
1,84,426,155,13,11
2,84,552,152,15,11
1,85,423,156,13,11
2,85,555,153,15,11
1,85,422,156,13,11
2,85,554,154,15,11
1,85,425,154,13,11
2,85,557,151,15,11
1,85,424,155,13,11
2,85,556,153,15,11
1,85,423,157,13,11
2,85,555,155,15,11
1,85,424,155,13,11
2,85,556,153,15,11
1,85,426,157,13,11
2,85,553,156,15,11
1,85,426,159,13,11
2,85,552,157,15,11
1,85,427,157,13,11
2,85,554,155,15,11
1,85,428,158,13,11
2,85,555,156,15,11
1,86,426,157,13,11
2,86,553,157,15,11
1,86,429,158,13,11
2,86,555,157,15,11
1,86,428,160,13,11
2,86,554,159,15,11
1,86,429,159,13,11
2,86,555,158,15,11
1,86,428,157,13,11
2,86,556,156,15,11
1,86,430,160,13,11
2,86,557,159,15,11
1,86,429,162,13,11
2,86,556,161,15,11
1,86,428,160,13,11
2,86,556,159,15,11
1,86,430,160,13,11
2,86,558,160,15,11
1,86,430,162,13,11
2,86,558,161,15,11
1,86,431,162,13,11
2,86,559,162,15,11
1,87,431,160,13,11
2,87,559,160,15,11
1,87,431,162,13,11
2,87,558,162,15,11
1,87,431,163,13,11
2,87,558,163,15,11
1,87,430,162,13,11
2,87,559,162,15,11
1,87,429,160,13,11
2,87,558,160,15,11
1,87,431,161,13,11
2,87,559,162,15,11
1,87,433,164,13,11
2,87,561,165,15,11
1,87,431,164,13,11
2,87,559,164,15,11
1,87,431,163,13,11
2,87,560,163,15,11
1,87,433,165,13,11
2,87,561,166,15,11
1,88,432,166,13,11
2,88,561,168,15,11
1,88,432,164,13,11
2,88,561,166,15,11
1,88,434,164,13,11
2,88,562,165,15,11
1,88,435,167,13,11
2,88,563,169,15,11
1,88,434,168,13,11
2,88,566,168,15,11
1,88,435,167,13,11
2,88,568,167,15,11
1,88,433,169,13,11
2,88,566,169,15,11
1,88,434,169,13,11
2,88,567,169,15,11
1,88,434,169,13,11
2,88,567,168,15,11
1,88,435,173,13,11
2,88,568,172,15,11
1,89,435,172,13,11
2,89,566,172,15,11
1,89,435,169,13,11
2,89,566,169,15,11
1,89,435,172,13,11
2,89,566,172,15,11
1,89,436,174,13,11
2,89,566,175,15,11
1,89,436,171,13,11
2,89,567,171,15,11
1,89,436,174,13,11
2,89,567,173,15,11
1,89,436,177,13,11
2,89,567,176,15,11
1,89,437,176,13,11
2,89,568,174,15,11
1,89,437,177,13,11
2,89,568,173,15,11
1,90,438,181,13,11
2,90,570,177,15,11
1,90,438,183,13,11
2,90,569,178,15,11
1,90,438,180,13,11
2,90,570,175,15,11
1,90,438,180,13,11
2,90,570,174,15,11
1,90,440,186,13,11
2,90,571,180,15,11
1,90,439,187,13,11
2,90,570,182,15,11
1,90,440,184,13,11
2,90,572,178,15,11
1,90,441,186,13,11
2,90,573,179,15,11
1,90,440,187,13,11
2,90,572,180,15,11
1,90,440,186,13,11
2,90,572,179,15,11
1,90,439,188,13,11
2,90,572,180,15,11
1,91,442,190,13,11
2,91,574,183,15,11
1,91,442,191,13,11
2,91,574,185,15,11
1,91,442,193,13,11
2,91,574,187,15,11
1,91,440,192,13,11
2,91,573,187,15,11
1,91,443,192,13,11
2,91,575,187,15,11
1,91,444,194,13,11
2,91,577,189,15,11
1,91,444,194,13,11
2,91,577,190,15,11
1,91,443,195,13,11
2,91,575,192,15,11
1,91,443,195,13,11
2,91,576,193,15,11
1,91,444,196,13,11
2,91,577,194,15,11
1,92,446,199,13,11
2,92,578,196,15,11
1,92,445,199,13,11
2,92,578,197,15,11
1,92,446,198,13,11
2,92,577,197,15,11
1,92,445,199,13,11
2,92,577,197,15,11
1,92,445,198,13,11
2,92,582,197,15,11
1,92,447,199,13,11
2,92,580,199,15,11
1,92,448,202,13,11
2,92,581,201,15,11
1,92,446,204,13,11
2,92,581,203,15,11
1,92,446,201,13,11
2,92,581,201,15,11
1,92,448,202,13,11
2,92,581,203,15,11
1,92,448,204,13,11
2,92,582,204,15,11
1,93,449,204,13,11
2,93,582,204,15,11
1,93,449,206,13,11
2,93,583,205,15,11
1,93,448,208,13,11
2,93,583,207,15,11
1,93,449,207,13,11
2,93,584,206,15,11
1,93,449,209,13,11
2,93,583,208,15,11
1,93,450,209,13,11
2,93,584,208,15,11
1,93,449,208,13,11
2,93,584,206,15,11
1,93,449,210,13,11
2,93,584,208,15,11
1,93,450,213,13,11
2,93,585,210,15,11
1,93,450,213,13,11
2,93,585,210,15,11
1,94,450,212,13,11
2,94,585,209,15,11
1,94,451,213,13,11
2,94,586,211,15,11
1,94,451,215,13,11
2,94,587,212,15,11
1,94,451,215,13,11
2,94,587,211,15,11
1,94,451,216,13,11
2,94,588,211,15,11
1,94,452,216,13,11
2,94,588,212,15,11
1,94,451,217,13,11
2,94,588,213,15,11
1,94,451,218,13,11
2,94,588,214,15,11
1,94,451,220,13,11
2,94,588,215,15,11
1,94,451,218,13,11
2,94,589,213,15,11
1,95,452,219,13,11
2,95,589,214,15,11
1,95,452,221,13,11
2,95,590,216,15,11
1,95,452,221,13,11
2,95,590,217,15,11
1,95,453,221,13,11
2,95,590,217,15,11
1,95,454,222,13,11
2,95,590,218,15,11
1,95,454,222,13,11
2,95,595,216,15,11
1,95,454,224,13,11
2,95,591,219,15,11
1,95,454,224,13,11
2,95,591,220,15,11
1,95,454,223,13,11
2,95,594,217,15,11
1,95,455,223,13,11
2,95,595,218,15,11
1,95,456,224,13,11
2,95,596,218,15,11
1,96,454,225,13,11
2,96,592,219,15,11
1,96,454,224,13,11
2,96,592,220,15,11
1,96,455,225,13,11
2,96,593,221,15,11
1,96,455,226,13,11
2,96,594,222,15,11
1,96,456,228,13,11
2,96,594,223,15,11
1,96,454,227,13,11
2,96,594,222,15,11
1,96,454,227,13,11
2,96,595,224,15,11
1,96,455,228,13,11
2,96,595,225,15,11
1,96,456,228,13,11
2,96,596,224,15,11
1,96,457,228,13,11
2,96,597,225,15,11
1,97,456,229,13,11
2,97,596,225,15,11
1,97,456,230,13,11
2,97,597,226,15,11
1,97,456,230,13,11
2,97,597,227,15,11
1,97,458,231,13,11
2,97,598,228,15,11
1,97,458,232,13,11
2,97,599,229,15,11
1,97,458,232,13,11
2,97,598,229,15,11
1,97,459,232,13,11
2,97,598,228,15,11
1,97,459,233,13,11
2,97,600,230,15,11
1,97,459,234,13,11
2,97,600,230,15,11
1,97,458,233,13,11
2,97,600,230,15,11
1,97,458,234,13,11
2,97,600,231,15,11
1,98,459,235,13,11
2,98,600,232,15,11
1,98,460,236,13,11
2,98,601,232,15,11
1,98,459,236,13,11
2,98,600,233,15,11
1,98,459,236,13,11
2,98,601,233,15,11
1,98,459,237,13,11
2,98,601,234,15,11
1,98,459,237,13,11
2,98,602,233,15,11
1,98,460,236,13,11
2,98,602,233,15,11
1,98,459,238,13,11
2,98,602,234,15,11
1,98,459,239,13,11
2,98,602,234,15,11
1,98,457,238,13,11
2,98,607,232,15,11
1,99,457,240,13,11
2,99,606,235,15,11
1,99,457,239,13,11
2,99,603,236,15,11
1,99,457,239,13,11
2,99,607,234,15,11
1,99,456,241,13,11
2,99,606,236,15,11
1,99,458,242,13,11
2,99,608,236,15,11
1,99,462,243,13,11
2,99,605,237,15,11
1,99,461,243,13,11
2,99,605,238,15,11
1,99,461,244,13,11
2,99,605,239,15,11
1,99,461,245,13,11
2,99,605,240,15,11
1,99,461,246,13,11
2,99,605,241,15,11
1,100,462,245,13,11
2,100,606,240,15,11
1,100,463,244,13,11
2,100,607,240,15,11
1,100,462,246,13,11
2,100,606,243,15,11
1,100,461,245,13,11
2,100,605,242,15,11
1,100,462,245,13,11
2,100,606,242,15,11
1,100,463,246,13,11
2,100,608,245,15,11
1,100,464,246,13,11
2,100,609,246,15,11
1,100,462,246,13,11
2,100,608,246,15,11
1,100,462,247,13,11
2,100,608,248,15,11
1,100,462,247,13,11
2,100,609,250,15,11
1,101,463,246,13,11
2,101,609,249,15,11
1,101,463,246,13,11
2,101,609,249,15,11
1,101,463,247,13,11
2,101,609,251,15,11
1,101,464,247,13,11
2,101,611,252,15,11
1,101,464,247,13,11
2,101,610,252,15,11
1,101,465,247,13,11
2,101,611,252,15,11
1,101,465,249,13,11
2,101,612,254,15,11
1,101,465,250,13,11
2,101,613,256,15,11
1,101,464,250,13,11
2,101,612,256,15,11
1,101,465,250,13,11
2,101,613,256,15,11
1,101,466,252,13,11
2,101,614,258,15,11
1,102,465,252,13,11
2,102,613,259,15,11
1,102,466,252,13,11
2,102,614,259,15,11
1,102,467,252,13,11
2,102,615,260,15,11
1,102,468,254,13,11
2,102,619,261,15,11
1,102,464,253,13,11
2,102,618,261,15,11
1,102,464,253,13,11
2,102,618,260,15,11
1,102,464,256,13,11
2,102,619,262,15,11
1,102,465,257,13,11
2,102,619,262,15,11
1,102,465,257,13,11
2,102,620,261,15,11
1,102,465,258,13,11
2,102,621,262,15,11
1,103,469,259,13,11
2,103,617,263,15,11
1,103,469,260,13,11
2,103,616,263,15,11
1,103,468,263,13,11
2,103,617,265,15,11
1,103,468,263,13,11
2,103,618,265,15,11
1,103,469,262,13,11
2,103,619,264,15,11
1,103,470,264,13,11
2,103,618,265,15,11
1,103,469,265,13,11
2,103,618,266,15,11
1,103,470,266,13,11
2,103,620,266,15,11
1,103,470,266,13,11
2,103,620,266,15,11
1,103,470,267,13,11
2,103,621,268,15,11
1,104,470,268,13,11
2,104,621,268,15,11
1,104,470,269,13,11
2,104,621,269,15,11
1,104,471,271,13,11
2,104,621,270,15,11
1,104,471,272,13,11
2,104,622,271,15,11
1,104,470,272,13,11
2,104,622,271,15,11
1,104,472,274,13,11
2,104,623,272,15,11
1,104,474,274,13,11
2,104,623,273,15,11
1,104,473,273,13,11
2,104,623,272,15,11
1,104,473,274,13,11
2,104,623,273,15,11
1,104,473,275,13,11
2,104,624,275,15,11
1,104,474,275,13,11
2,104,625,275,15,11
1,105,474,276,13,11
2,105,625,276,15,11
1,105,475,277,13,11
2,105,626,276,15,11
1,105,475,278,13,11
2,105,626,278,15,11
1,105,475,277,13,11
2,105,626,278,15,11
1,105,474,278,13,11
2,105,626,278,15,11
1,105,475,278,13,11
2,105,627,278,15,11
1,105,477,279,13,11
2,105,628,280,15,11
1,105,476,278,13,11
2,105,629,280,15,11
1,105,472,278,13,11
2,105,632,280,15,11
1,105,471,279,13,11
2,105,632,281,15,11
1,106,472,279,13,11
2,106,633,282,15,11
1,106,474,279,13,11
2,106,635,282,15,11
1,106,474,280,13,11
2,106,635,283,15,11
1,106,474,282,13,11
2,106,636,285,15,11
1,106,474,281,13,11
2,106,631,286,15,11
1,106,480,283,13,11
2,106,632,286,15,11
1,106,480,284,13,11
2,106,633,288,15,11
1,106,481,285,13,11
2,106,633,288,15,11
1,106,481,285,13,11
2,106,632,288,15,11
1,106,480,285,13,11
2,106,633,288,15,11
1,107,481,287,13,11
2,107,635,289,15,11
1,107,481,287,13,11
2,107,635,290,15,11
1,107,483,287,13,11
2,107,636,289,15,11
1,107,483,288,13,11
2,107,637,290,15,11
1,107,484,290,13,11
2,107,637,292,15,11
1,107,485,289,13,11
2,107,637,291,15,11
1,107,484,287,13,11
2,107,638,291,15,11
1,107,484,290,13,11
2,107,638,294,15,11
1,107,484,290,13,11
2,107,638,294,15,11
1,107,483,288,13,11
2,107,639,293,15,11
1,107,484,290,13,11
2,107,639,294,15,11
1,108,484,292,13,11
2,108,639,295,15,11
1,108,484,291,13,11
2,108,641,295,15,11
1,108,483,292,13,11
2,108,640,297,15,11
1,108,484,292,13,11
2,108,641,296,15,11
1,108,484,291,13,11
2,108,642,296,15,11
1,108,484,293,13,11
2,108,642,298,15,11
1,108,487,293,13,11
2,108,643,296,15,11
1,108,486,293,13,11
2,108,644,296,15,11
1,108,487,294,13,11
2,108,643,297,15,11
1,108,486,293,13,11
2,108,644,296,15,11
1,108,487,294,13,11
2,108,645,297,15,11
1,109,486,295,13,11
2,109,644,298,15,11
1,109,486,295,13,11
2,109,645,297,15,11
1,109,484,296,13,11
2,109,651,297,15,11
1,109,483,297,13,11
2,109,651,298,15,11
1,109,483,296,13,11
2,109,651,298,15,11
1,109,484,297,13,11
2,109,652,298,15,11
1,109,484,299,13,11
2,109,652,299,15,11
1,109,485,297,13,11
2,109,653,297,15,11
1,109,485,299,13,11
2,109,649,300,15,11
1,109,488,300,13,11
2,109,649,301,15,11
1,110,489,299,13,11
2,110,650,299,15,11
1,110,489,300,13,11
2,110,650,300,15,11
1,110,490,301,13,11
2,110,651,301,15,11
1,110,488,301,13,11
2,110,650,300,15,11
1,110,489,301,13,11
2,110,651,300,15,11
1,110,490,301,13,11
2,110,653,300,15,11
1,110,491,302,13,11
2,110,653,301,15,11
1,110,490,304,13,11
2,110,654,303,15,11
1,110,490,303,13,11
2,110,654,302,15,11
1,110,489,303,13,11
2,110,654,302,15,11
1,110,491,305,13,11
2,110,655,305,15,11
1,111,492,305,13,11
2,111,655,305,15,11
1,111,492,305,13,11
2,111,655,304,15,11
1,111,491,306,13,11
2,111,656,305,15,11
1,111,492,307,13,11
2,111,658,306,15,11
1,111,493,306,13,11
2,111,658,306,15,11
1,111,493,305,13,11
2,111,658,306,15,11
1,111,493,307,13,11
2,111,658,306,15,11
1,111,493,308,13,11
2,111,658,308,15,11
1,111,493,306,13,11
2,111,660,307,15,11
1,111,493,307,13,11
2,111,660,307,15,11
1,112,493,308,13,11
2,112,660,309,15,11
1,112,495,309,13,11
2,112,661,310,15,11
1,112,494,308,13,11
2,112,660,309,15,11
1,112,494,309,13,11
2,112,661,310,15,11
1,112,494,310,13,11
2,112,662,310,15,11
1,112,496,311,13,11
2,112,663,311,15,11
1,112,497,313,13,11
2,112,665,313,15,11
1,112,494,312,13,11
2,112,668,311,15,11
1,112,494,311,13,11
2,112,667,311,15,11
1,112,495,313,13,11
2,112,668,313,15,11
1,112,495,313,13,11
2,112,669,314,15,11
1,113,496,313,13,11
2,113,670,313,15,11
1,113,496,315,13,11
2,113,671,314,15,11
1,113,495,316,13,11
2,113,665,317,15,11
1,113,496,316,13,11
2,113,666,316,15,11
1,113,497,317,13,11
2,113,667,317,15,11
1,113,498,318,13,11
2,113,667,319,15,11
1,113,499,319,13,11
2,113,668,319,15,11
1,113,499,318,13,11
2,113,669,318,15,11
1,113,498,319,13,11
2,113,669,321,15,11
1,114,499,321,13,11
2,114,670,322,15,11
1,114,499,321,13,11
2,114,671,323,15,11
1,114,502,322,13,11
2,114,671,323,15,11
1,114,502,324,13,11
2,114,672,325,15,11
1,114,501,325,13,11
2,114,671,326,15,11
1,114,501,323,13,11
2,114,670,326,15,11
1,114,501,324,13,11
2,114,673,327,15,11
1,114,501,327,13,11
2,114,672,330,15,11
1,114,501,326,13,11
2,114,672,330,15,11
1,114,502,326,13,11
2,114,672,330,15,11
1,114,501,328,13,11
2,114,673,334,15,11
1,115,502,329,13,11
2,115,675,335,15,11
1,115,504,329,13,11
2,115,676,335,15,11
1,115,505,329,13,11
2,115,674,334,15,11
1,115,504,330,13,11
2,115,676,335,15,11
1,115,505,332,13,11
2,115,676,337,15,11
1,115,505,333,13,11
2,115,677,339,15,11
1,115,505,334,13,11
2,115,677,340,15,11
1,115,503,334,13,11
2,115,677,341,15,11
1,115,505,334,13,11
2,115,678,341,15,11
1,115,504,334,13,11
2,115,678,341,15,11
1,116,506,335,13,11
2,116,679,341,15,11
1,116,506,337,13,11
2,116,679,343,15,11
1,116,504,338,13,11
2,116,684,345,15,11
1,116,505,337,13,11
2,116,687,344,15,11
1,116,505,338,13,11
2,116,687,344,15,11
1,116,504,341,13,11
2,116,686,346,15,11
1,116,507,342,13,11
2,116,688,347,15,11
1,116,505,344,13,11
2,116,687,348,15,11
1,116,506,344,13,11
2,116,682,349,15,11
1,116,509,346,13,11
2,116,685,351,15,11
1,116,508,349,13,11
2,116,683,353,15,11
1,117,511,355,13,11
2,117,686,353,15,11
1,117,513,354,13,11
2,117,686,351,15,11
1,117,513,356,13,11
2,117,686,354,15,11
1,117,513,356,13,11
2,117,687,354,15,11
1,117,514,356,13,11
2,117,688,354,15,11
1,117,513,358,13,11
2,117,688,356,15,11
1,117,511,353,13,11
2,117,689,356,15,11
1,117,514,354,13,11
2,117,689,358,15,11
1,117,513,357,13,11
2,117,689,360,15,11
1,117,512,355,13,11
2,117,689,358,15,11
1,118,513,355,13,11
2,118,690,360,15,11
1,118,515,358,13,11
2,118,692,364,15,11
1,118,515,356,13,11
2,118,693,363,15,11
1,118,514,355,13,11
2,118,692,363,15,11
1,118,513,357,13,11
2,118,692,365,15,11
1,118,513,356,13,11
2,118,694,365,15,11
1,118,513,355,13,11
2,118,693,365,15,11
1,118,516,357,13,11
2,118,696,368,15,11
1,118,516,356,13,11
2,118,696,368,15,11
1,118,514,357,13,11
2,118,697,369,15,11
1,118,514,355,13,11
2,118,697,368,15,11
1,119,514,356,13,11
2,119,698,368,15,11
