counter,frame,x,y,w,h
1,278,316,4,11,9
2,278,392,7,10,9
1,279,316,5,11,9
2,279,391,8,10,9
1,280,316,3,11,9
2,280,392,7,10,9
1,281,314,5,11,9
2,281,390,9,10,9
1,282,315,4,11,9
2,282,391,8,10,9
1,283,317,3,11,9
2,283,393,6,10,9
1,284,313,3,11,9
2,284,390,6,10,9
1,285,312,3,11,9
2,285,389,6,10,9
1,286,314,4,11,9
2,286,392,7,10,9
1,287,312,7,11,9
2,287,389,10,10,9
1,288,314,4,11,9
2,288,390,8,10,9
1,289,315,5,11,9
2,289,391,8,10,9
1,290,310,6,11,9
2,290,388,9,10,9
1,291,312,3,11,9
2,291,389,6,10,9
1,292,317,3,11,9
2,292,394,6,10,9
1,293,314,6,11,9
2,293,392,8,10,9
1,294,312,5,11,9
2,294,392,7,10,9
1,295,315,2,11,9
2,295,394,6,10,9
1,296,311,5,11,9
2,296,391,9,10,9
1,297,314,3,11,9
2,297,394,7,10,9
1,298,315,4,11,9
2,298,395,7,10,9
1,299,312,5,11,9
2,299,393,8,10,9
1,300,315,5,11,9
2,300,393,9,10,9
1,301,314,7,11,9
2,301,392,10,10,9
1,302,314,6,11,9
2,302,391,8,10,9
1,303,316,6,11,9
2,303,394,8,10,9
1,304,315,6,11,9
2,304,392,9,10,9
1,305,312,5,11,9
2,305,389,9,10,9
1,306,317,6,11,9
2,306,393,9,10,9
1,307,314,7,11,9
2,307,392,11,10,9
1,308,312,7,11,9
2,308,390,10,10,9
1,309,316,7,11,9
2,309,393,9,10,9
1,310,317,5,11,9
2,310,394,8,10,9
1,311,312,4,11,9
2,311,389,8,10,9
1,312,314,1,11,9
2,312,392,5,10,9
1,313,312,4,11,9
2,313,390,7,10,9
1,314,312,5,11,9
2,314,390,8,10,9
1,315,316,2,11,9
2,315,394,5,10,9
1,316,312,3,11,9
2,316,390,6,10,9
1,317,311,2,11,9
2,317,389,6,10,9
1,318,314,2,11,9
2,318,392,6,10,9
1,319,313,2,11,9
2,319,391,6,10,9
1,320,312,3,11,9
2,320,390,7,10,9
1,321,312,4,11,9
2,321,390,8,10,9
1,322,312,4,11,9
2,322,391,7,10,9
1,323,313,3,11,9
2,323,391,7,10,9
1,324,313,5,11,9
2,324,391,9,10,9
1,325,313,6,11,9
2,325,391,10,10,9
1,326,314,4,11,9
2,326,392,8,10,9
1,327,313,2,11,9
2,327,392,6,10,9
1,328,314,5,11,9
2,328,392,8,10,9
1,329,313,4,11,9
2,329,395,6,10,9
1,330,313,4,11,9
2,330,394,7,10,9
1,331,311,4,11,9
2,331,394,8,10,9
1,332,312,2,11,9
2,332,394,4,10,9
1,333,309,3,11,9
2,333,392,6,10,9
1,334,312,3,11,9
2,334,394,6,10,9
1,335,312,2,11,9
2,335,392,4,10,9
1,336,314,3,11,9
2,336,391,6,10,9
1,337,311,2,11,9
2,337,389,5,10,9
1,338,312,3,11,9
2,338,390,6,10,9
1,339,315,3,11,9
2,339,393,6,10,9
1,340,316,5,11,9
2,340,394,7,10,9
1,341,316,7,11,9
2,341,394,9,10,9
1,342,314,7,11,9
2,342,393,8,10,9
1,343,312,6,11,9
2,343,390,8,10,9
1,344,315,5,11,9
2,344,393,7,10,9
1,345,314,6,11,9
2,345,393,9,10,9
1,346,312,6,11,9
2,346,392,8,10,9
1,347,314,5,11,9
2,347,393,7,10,9
1,348,314,7,11,9
2,348,393,9,10,9
1,349,313,5,11,9
2,349,392,7,10,9
1,350,313,5,11,9
2,350,392,8,10,9
1,351,313,6,11,9
2,351,392,9,10,9
1,352,313,7,11,9
2,352,392,10,10,9
1,353,315,8,11,9
2,353,395,10,10,9
1,354,315,6,11,9
2,354,395,8,10,9
1,355,313,6,11,9
2,355,392,7,10,9
1,356,314,6,11,9
2,356,392,8,10,9
1,357,315,7,11,9
2,357,394,9,10,9
1,358,314,8,11,9
2,358,394,11,10,9
1,359,313,7,11,9
2,359,393,9,10,9
1,360,312,5,11,9
2,360,392,7,10,9
1,361,313,7,11,9
2,361,392,8,10,9
1,362,314,4,11,9
2,362,394,6,10,9
1,363,316,5,11,9
2,363,396,7,10,9
1,364,313,6,11,9
2,364,393,9,10,9
1,365,311,6,11,9
2,365,395,9,10,9
1,366,313,4,11,9
2,366,397,7,10,9
1,367,315,6,11,9
2,367,399,10,10,9
1,368,314,5,11,9
2,368,398,9,10,9
1,369,313,5,11,9
2,369,397,8,10,9
1,370,311,7,11,9
2,370,394,10,10,9
1,371,312,7,11,9
2,371,395,10,10,9
1,372,316,5,11,9
2,372,395,8,10,9
1,373,314,4,11,9
2,373,394,7,10,9
1,374,314,7,11,9
2,374,395,9,10,9
1,375,316,7,11,9
2,375,397,10,10,9
1,376,315,6,11,9
2,376,395,10,10,9
1,377,317,7,11,9
2,377,397,11,10,9
1,378,316,8,11,9
2,378,397,11,10,9
1,379,314,9,11,9
2,379,395,12,10,9
1,380,315,8,11,9
2,380,396,11,10,9
1,381,317,8,11,9
2,381,397,11,10,9
1,382,317,9,11,9
2,382,398,13,10,9
1,383,319,12,11,9
2,383,399,15,10,9
1,384,318,12,11,9
2,384,399,16,10,9
1,385,317,11,11,9
2,385,398,14,10,9
1,386,319,13,11,9
2,386,400,16,10,9
1,387,319,13,11,9
2,387,400,14,10,9
1,388,316,12,11,9
2,388,397,15,10,9
1,389,317,11,11,9
2,389,398,14,10,9
1,390,318,13,11,9
2,390,399,15,10,9
1,391,316,11,11,9
2,391,397,13,10,9
1,392,318,10,11,9
2,392,399,12,10,9
1,393,318,10,11,9
2,393,399,14,10,9
1,394,316,13,11,9
2,394,398,16,10,9
1,395,317,12,11,9
2,395,399,15,10,9
1,396,319,12,11,9
2,396,401,14,10,9
1,397,318,13,11,9
2,397,400,15,10,9
1,398,318,13,11,9
2,398,399,15,10,9
1,399,319,13,11,9
2,399,399,15,10,9
1,400,316,12,11,9
2,400,398,15,10,9
1,401,317,8,11,9
2,401,401,11,10,9
1,402,318,9,11,9
2,402,404,12,10,9
1,403,316,14,11,9
2,403,402,17,10,9
1,404,315,8,11,9
2,404,401,11,10,9
1,405,316,8,11,9
2,405,401,11,10,9
1,406,318,15,11,9
2,406,404,17,10,9
1,407,321,14,11,9
2,407,403,16,10,9
1,408,319,11,11,9
2,408,402,13,10,9
1,409,317,14,11,9
2,409,399,16,10,9
1,410,319,14,11,9
2,410,401,17,10,9
1,411,319,8,11,9
2,411,401,11,10,9
1,412,319,11,11,9
2,412,401,15,10,9
1,413,322,15,11,9
2,413,404,18,10,9
1,414,321,12,11,9
2,414,402,14,10,9
1,415,319,12,11,9
2,415,401,14,10,9
1,416,321,15,11,9
2,416,403,17,10,9
1,417,322,12,11,9
2,417,405,16,10,9
1,418,320,10,11,9
2,418,403,14,10,9
1,419,321,14,11,9
2,419,403,17,10,9
1,420,322,14,11,9
2,420,404,17,10,9
1,421,321,13,11,9
2,421,404,15,10,9
1,422,322,13,11,9
2,422,405,15,10,9
1,423,322,15,11,9
2,423,406,18,10,9
1,424,321,16,11,9
2,424,404,19,10,9
1,425,321,13,11,9
2,425,404,16,10,9
1,426,323,13,11,9
2,426,406,16,10,9
1,427,322,16,11,9
2,427,405,19,10,9
1,428,322,15,11,9
2,428,406,18,10,9
1,429,323,12,11,9
2,429,406,16,10,9
1,430,321,15,11,9
2,430,404,18,10,9
1,431,323,15,11,9
2,431,407,18,10,9
1,432,323,13,11,9
2,432,406,16,10,9
1,433,321,13,11,9
2,433,405,16,10,9
1,434,324,15,11,9
2,434,406,19,10,9
1,435,324,16,11,9
2,435,408,19,10,9
1,436,323,17,11,9
2,436,406,20,10,9
1,437,323,16,11,9
2,437,410,19,10,9
1,438,323,16,11,9
2,438,411,19,10,9
1,439,323,16,11,9
2,439,410,19,10,9
1,440,324,15,11,9
2,440,411,19,10,9
1,441,323,16,11,9
2,441,410,18,10,9
1,442,322,16,11,9
2,442,409,20,10,9
1,443,325,14,11,9
2,443,408,18,10,9
1,444,325,14,11,9
2,444,409,17,10,9
1,445,324,17,11,9
2,445,408,20,10,9
1,446,324,19,11,9
2,446,409,22,10,9
1,447,325,17,11,9
2,447,408,21,10,9
1,448,326,15,11,9
2,448,410,19,10,9
1,449,326,18,11,9
2,449,410,23,10,9
1,450,324,20,11,9
2,450,408,23,10,9
1,451,325,17,11,9
2,451,410,20,10,9
1,452,327,17,11,9
2,452,411,20,10,9
1,453,327,19,11,9
2,453,410,23,10,9
1,454,327,19,11,9
2,454,410,22,10,9
1,455,327,19,11,9
2,455,411,21,10,9
1,456,327,20,11,9
2,456,411,22,10,9
1,457,327,20,11,9
2,457,412,22,10,9
1,458,326,20,11,9
2,458,411,22,10,9
1,459,326,20,11,9
2,459,410,22,10,9
1,460,326,19,11,9
2,460,411,20,10,9
1,461,327,20,11,9
2,461,412,20,10,9
1,462,327,20,11,9
2,462,411,21,10,9
1,463,327,21,11,9
2,463,411,22,10,9
1,464,328,22,11,9
2,464,413,23,10,9
1,465,327,22,11,9
2,465,412,22,10,9
1,466,329,21,11,9
2,466,413,21,10,9
1,467,329,23,11,9
2,467,413,23,10,9
1,468,328,24,11,9
2,468,413,24,10,9
1,469,329,23,11,9
2,469,414,23,10,9
1,470,328,24,11,9
2,470,414,23,10,9
1,471,328,22,11,9
2,471,413,22,10,9
1,472,328,23,11,9
2,472,416,22,10,9
1,473,329,25,11,9
2,473,417,24,10,9
1,474,330,26,11,9
2,474,419,24,10,9
1,475,329,27,11,9
2,475,417,26,10,9
1,476,328,25,11,9
2,476,416,24,10,9
1,477,329,25,11,9
2,477,418,24,10,9
1,478,329,28,11,9
2,478,417,27,10,9
1,479,330,28,11,9
2,479,416,27,10,9
1,480,331,25,11,9
2,480,417,24,10,9
1,481,330,26,11,9
2,481,416,26,10,9
1,482,331,27,11,9
2,482,417,26,10,9
1,483,333,27,11,9
2,483,419,26,10,9
1,484,331,26,11,9
2,484,417,26,10,9
1,485,332,26,11,9
2,485,417,26,10,9
1,486,334,28,11,9
2,486,419,27,10,9
1,487,332,29,11,9
2,487,418,28,10,9
1,488,331,27,11,9
2,488,417,27,10,9
1,489,335,27,11,9
2,489,420,26,10,9
1,490,332,28,11,9
2,490,418,27,10,9
1,491,334,28,11,9
2,491,420,28,10,9
1,492,334,28,11,9
2,492,419,28,10,9
1,493,333,28,11,9
2,493,419,28,10,9
1,494,334,28,11,9
2,494,420,27,10,9
1,495,335,29,11,9
2,495,422,28,10,9
1,496,335,30,11,9
2,496,421,29,10,9
1,497,335,29,11,9
2,497,421,28,10,9
1,498,335,29,11,9
2,498,421,29,10,9
1,499,335,29,11,9
2,499,421,29,10,9
1,500,335,30,11,9
2,500,421,30,10,9
1,501,335,31,11,9
2,501,421,30,10,9
1,502,337,30,11,9
2,502,423,29,10,9
1,503,337,30,11,9
2,503,422,29,10,9
1,504,336,30,11,9
2,504,423,29,10,9
1,505,334,31,11,9
2,505,421,29,10,9
1,506,337,31,11,9
2,506,423,29,10,9
1,507,338,29,11,9
2,507,425,28,10,9
1,508,336,30,11,9
2,508,426,28,10,9
1,509,334,31,11,9
2,509,424,28,10,9
1,510,335,31,11,9
2,510,424,29,10,9
1,511,335,32,11,9
2,511,425,30,10,9
1,512,336,30,11,9
2,512,427,27,10,9
1,513,337,31,11,9
2,513,428,29,10,9
1,514,336,33,11,9
2,514,425,31,10,9
1,515,338,33,11,9
2,515,424,31,10,9
1,516,339,31,11,9
2,516,425,29,10,9
1,517,339,33,11,9
2,517,425,31,10,9
1,518,338,34,11,9
2,518,426,32,10,9
1,519,338,33,11,9
2,519,424,31,10,9
1,520,339,34,11,9
2,520,426,31,10,9
1,521,341,35,11,9
2,521,428,32,10,9
1,522,340,35,11,9
2,522,427,33,10,9
1,523,339,34,11,9
2,523,426,32,10,9
1,524,341,34,11,9
2,524,428,32,10,9
1,525,340,33,11,9
2,525,427,31,10,9
1,526,339,34,11,9
2,526,426,31,10,9
1,527,340,35,11,9
2,527,429,33,10,9
1,528,341,37,11,9
2,528,428,34,10,9
1,529,340,35,11,9
2,529,427,32,10,9
1,530,341,35,11,9
2,530,428,31,10,9
1,531,341,37,11,9
2,531,429,33,10,9
1,532,341,37,11,9
2,532,429,34,10,9
1,533,342,37,11,9
2,533,430,33,10,9
1,534,342,38,11,9
2,534,430,34,10,9
1,535,341,40,11,9
2,535,429,35,10,9
1,536,341,38,11,9
2,536,428,33,10,9
1,537,343,39,11,9
2,537,431,34,10,9
1,538,342,39,11,9
2,538,431,34,10,9
1,539,343,38,11,9
2,539,431,32,10,9
1,540,341,39,11,9
2,540,430,34,10,9
1,541,341,40,11,9
2,541,429,35,10,9
1,542,343,38,11,9
2,542,431,33,10,9
1,543,342,38,11,9
2,543,431,32,10,9
1,544,340,39,11,9
2,544,432,32,10,9
1,545,340,39,11,9
2,545,432,33,10,9
1,546,340,41,11,9
2,546,432,35,10,9
1,547,341,39,11,9
2,547,433,34,10,9
1,548,342,36,11,9
2,548,434,30,10,9
1,549,340,36,11,9
2,549,432,30,10,9
1,550,341,38,11,9
2,550,430,32,10,9
1,551,343,39,11,9
2,551,432,34,10,9
1,552,342,38,11,9
2,552,431,33,10,9
1,553,341,37,11,9
2,553,431,32,10,9
1,554,341,38,11,9
2,554,430,33,10,9
1,555,342,39,11,9
2,555,432,35,10,9
1,556,342,40,11,9
2,556,432,37,10,9
1,557,342,38,11,9
2,557,431,35,10,9
1,558,343,40,11,9
2,558,433,37,10,9
1,559,343,42,11,9
2,559,433,39,10,9
1,560,343,40,11,9
2,560,433,38,10,9
1,561,344,40,11,9
2,561,434,38,10,9
1,562,345,42,11,9
2,562,435,41,10,9
1,563,345,40,11,9
2,563,434,40,10,9
1,564,344,41,11,9
2,564,433,41,10,9
1,565,344,43,11,9
2,565,434,43,10,9
1,566,345,40,11,9
2,566,435,40,10,9
1,567,345,39,11,9
2,567,435,39,10,9
1,568,345,44,11,9
2,568,434,44,10,9
1,569,344,43,11,9
2,569,435,44,10,9
1,570,346,39,11,9
2,570,435,41,10,9
1,571,345,38,11,9
2,571,435,40,10,9
1,572,346,41,11,9
2,572,436,43,10,9
1,573,346,42,11,9
2,573,436,44,10,9
1,574,344,41,11,9
2,574,435,43,10,9
1,575,347,41,11,9
2,575,436,43,10,9
1,576,345,41,11,9
2,576,435,43,10,9
1,577,344,43,11,9
2,577,434,44,10,9
1,578,346,42,11,9
2,578,437,43,10,9
1,579,347,44,11,9
2,579,437,45,10,9
1,580,343,44,11,9
2,580,438,44,10,9
1,581,345,41,11,9
2,581,439,42,10,9
1,582,345,44,11,9
2,582,439,44,10,9
1,583,343,46,11,9
2,583,438,45,10,9
1,584,344,44,11,9
2,584,439,43,10,9
1,585,344,45,11,9
2,585,438,44,10,9
1,586,344,47,11,9
2,586,435,47,10,9
1,587,347,46,11,9
2,587,438,45,10,9
1,588,347,46,11,9
2,588,438,45,10,9
1,589,344,48,11,9
2,589,435,46,10,9
1,590,347,46,11,9
2,590,438,45,10,9
1,591,348,47,11,9
2,591,438,46,10,9
1,592,346,50,11,9
2,592,437,49,10,9
1,593,346,48,11,9
2,593,437,47,10,9
1,594,347,46,11,9
2,594,438,46,10,9
1,595,347,50,11,9
2,595,438,49,10,9
1,596,349,49,11,9
2,596,440,48,10,9
1,597,348,51,11,9
2,597,439,50,10,9
1,598,346,52,11,9
2,598,436,50,10,9
1,599,346,49,11,9
2,599,438,48,10,9
1,600,347,50,11,9
2,600,439,49,10,9
1,601,347,49,11,9
2,601,438,48,10,9
1,602,348,50,11,9
2,602,439,49,10,9
1,603,346,52,11,9
2,603,438,50,10,9
1,604,345,50,11,9
2,604,437,48,10,9
1,605,349,50,11,9
2,605,440,49,10,9
1,606,349,51,11,9
2,606,441,50,10,9
1,607,348,51,11,9
2,607,439,51,10,9
1,608,346,52,11,9
2,608,438,52,10,9
1,609,347,52,11,9
2,609,439,52,10,9
1,610,349,52,11,9
2,610,441,51,10,9
1,611,349,52,11,9
2,611,441,52,10,9
1,612,346,52,11,9
2,612,439,52,10,9
1,613,347,51,11,9
2,613,438,52,10,9
1,614,348,52,11,9
2,614,440,52,10,9
1,615,348,52,11,9
2,615,442,53,10,9
1,616,347,50,11,9
2,616,444,51,10,9
1,617,346,51,11,9
2,617,442,52,10,9
1,618,348,54,11,9
2,618,445,55,10,9
1,619,348,53,11,9
2,619,443,54,10,9
1,620,349,53,11,9
2,620,445,54,10,9
1,621,347,55,11,9
2,621,443,56,10,9
1,622,349,54,11,9
2,622,442,55,10,9
1,623,349,54,11,9
2,623,442,55,10,9
1,624,351,55,11,9
2,624,443,55,10,9
1,625,351,57,11,9
2,625,444,57,10,9
1,626,349,55,11,9
2,626,441,55,10,9
1,627,349,57,11,9
2,627,441,58,10,9
1,628,351,57,11,9
2,628,443,58,10,9
1,629,352,56,11,9
2,629,445,57,10,9
1,630,349,57,11,9
2,630,441,57,10,9
1,631,351,58,11,9
2,631,444,58,10,9
1,632,350,60,11,9
2,632,444,60,10,9
1,633,350,57,11,9
2,633,443,57,10,9
1,634,350,57,11,9
2,634,443,58,10,9
1,635,351,59,11,9
2,635,444,60,10,9
1,636,350,58,11,9
2,636,443,58,10,9
1,637,349,56,11,9
2,637,443,57,10,9
1,638,351,58,11,9
2,638,444,59,10,9
1,639,352,59,11,9
2,639,446,60,10,9
1,640,350,59,11,9
2,640,444,60,10,9
1,641,351,57,11,9
2,641,445,58,10,9
1,642,350,60,11,9
2,642,444,61,10,9
1,643,349,61,11,9
2,643,443,61,10,9
1,644,354,60,11,9
2,644,447,60,10,9
1,645,352,63,11,9
2,645,445,63,10,9
1,646,350,63,11,9
2,646,444,63,10,9
1,647,352,62,11,9
2,647,445,62,10,9
1,648,353,60,11,9
2,648,447,61,10,9
1,649,351,61,11,9
2,649,445,61,10,9
1,650,353,63,11,9
2,650,447,62,10,9
1,651,351,62,11,9
2,651,449,61,10,9
1,652,351,63,11,9
2,652,448,62,10,9
1,653,352,62,11,9
2,653,451,61,10,9
1,654,351,63,11,9
2,654,450,62,10,9
1,655,350,63,11,9
2,655,448,62,10,9
1,656,352,63,11,9
2,656,451,62,10,9
1,657,351,64,11,9
2,657,450,63,10,9
1,658,353,65,11,9
2,658,448,64,10,9
1,659,352,65,11,9
2,659,447,63,10,9
1,660,351,65,11,9
2,660,446,63,10,9
1,661,354,64,11,9
2,661,448,62,10,9
1,662,355,66,11,9
2,662,450,64,10,9
1,663,352,67,11,9
2,663,447,65,10,9
1,664,352,67,11,9
2,664,447,65,10,9
1,665,353,65,11,9
2,665,449,63,10,9
1,666,352,66,11,9
2,666,447,65,10,9
1,667,354,65,11,9
2,667,449,63,10,9
1,668,354,65,11,9
2,668,449,64,10,9
1,669,352,66,11,9
2,669,447,64,10,9
1,670,354,66,11,9
2,670,449,64,10,9
1,671,354,67,11,9
2,671,450,66,10,9
1,672,352,67,11,9
2,672,446,65,10,9
1,673,356,68,11,9
2,673,451,67,10,9
1,674,357,70,11,9
2,674,452,69,10,9
1,675,355,70,11,9
2,675,449,68,10,9
1,676,354,69,11,9
2,676,450,67,10,9
1,677,355,70,11,9
2,677,450,68,10,9
1,678,355,69,11,9
2,678,451,69,10,9
1,679,356,69,11,9
2,679,451,68,10,9
1,680,355,69,11,9
2,680,451,69,10,9
1,681,356,71,11,9
2,681,452,71,10,9
1,682,357,70,11,9
2,682,452,71,10,9
1,683,357,71,11,9
2,683,452,70,10,9
1,684,357,73,11,9
2,684,452,72,10,9
1,685,356,73,11,9
2,685,452,72,10,9
1,686,356,73,11,9
2,686,452,72,10,9
1,687,355,72,11,9
2,687,455,72,10,9
1,688,355,71,11,9
2,688,456,71,10,9
1,689,354,71,11,9
2,689,455,72,10,9
1,690,354,71,11,9
2,690,454,72,10,9
1,691,355,71,11,9
2,691,455,72,10,9
1,692,355,73,11,9
2,692,456,74,10,9
1,693,355,73,11,9
2,693,453,74,10,9
1,694,358,72,11,9
2,694,455,73,10,9
1,695,358,74,11,9
2,695,453,76,10,9
1,696,358,73,11,9
2,696,454,75,10,9
1,697,358,73,11,9
2,697,455,75,10,9
1,698,359,75,11,9
2,698,456,76,10,9
1,699,359,75,11,9
2,699,456,77,10,9
1,700,359,74,11,9
2,700,456,76,10,9
1,701,358,76,11,9
2,701,455,78,10,9
1,702,358,77,11,9
2,702,455,78,10,9
1,703,358,75,11,9
2,703,455,77,10,9
1,704,359,76,11,9
2,704,455,78,10,9
1,705,359,75,11,9
2,705,456,77,10,9
1,706,359,74,11,9
2,706,455,76,10,9
1,707,358,75,11,9
2,707,455,77,10,9
1,708,359,76,11,9
2,708,456,77,10,9
1,709,360,76,11,9
2,709,457,77,10,9
1,710,359,77,11,9
2,710,456,78,10,9
1,711,359,77,11,9
2,711,456,78,10,9
1,712,361,76,11,9
2,712,458,77,10,9
1,713,360,76,11,9
2,713,457,77,10,9
1,714,359,77,11,9
2,714,456,78,10,9
1,715,359,75,11,9
2,715,457,76,10,9
1,716,359,74,11,9
2,716,457,75,10,9
1,717,360,76,11,9
2,717,457,77,10,9
1,718,360,79,11,9
2,718,458,79,10,9
1,719,360,77,11,9
2,719,458,77,10,9
1,720,360,76,11,9
2,720,458,77,10,9
1,721,360,77,11,9
2,721,458,78,10,9
1,722,360,77,11,9
2,722,459,78,10,9
1,723,358,75,11,9
2,723,460,76,10,9
1,724,359,76,11,9
2,724,461,77,10,9
1,725,360,77,11,9
2,725,462,77,10,9
1,726,358,78,11,9
2,726,462,78,10,9
1,727,358,77,11,9
2,727,461,77,10,9
1,728,359,76,11,9
2,728,462,76,10,9
1,729,358,75,11,9
2,729,458,77,10,9
1,730,359,76,11,9
2,730,457,77,10,9
1,731,362,76,11,9
2,731,461,77,10,9
1,732,363,76,11,9
2,732,461,76,10,9
1,733,361,78,11,9
2,733,460,78,10,9
1,734,362,77,11,9
2,734,460,78,10,9
1,735,361,76,11,9
2,735,459,76,10,9
1,736,362,77,11,9
2,736,461,76,10,9
1,737,365,79,11,9
2,737,463,78,10,9
1,738,362,79,11,9
2,738,462,78,10,9
1,739,362,76,11,9
2,739,461,76,10,9
1,740,363,75,11,9
2,740,461,75,10,9
1,741,362,79,11,9
2,741,462,78,10,9
1,742,364,79,11,9
2,742,462,78,10,9
1,743,365,76,11,9
2,743,464,75,10,9
1,744,363,78,11,9
2,744,461,78,10,9
1,745,365,80,11,9
2,745,464,79,10,9
1,746,365,77,11,9
2,746,464,76,10,9
1,747,365,77,11,9
2,747,464,76,10,9
1,748,364,78,11,9
2,748,463,78,10,9
1,749,364,79,11,9
2,749,463,78,10,9
1,750,363,75,11,9
2,750,462,75,10,9
1,751,364,74,11,9
2,751,463,73,10,9
1,752,363,76,11,9
2,752,463,75,10,9
1,753,364,78,11,9
2,753,463,77,10,9
1,754,364,77,11,9
2,754,464,76,10,9
1,755,365,77,11,9
2,755,465,75,10,9
1,756,365,76,11,9
2,756,464,75,10,9
1,757,367,76,11,9
2,757,467,76,10,9
1,758,365,76,11,9
2,758,465,76,10,9
1,759,362,75,11,9
2,759,467,75,10,9
1,760,363,74,11,9
2,760,468,74,10,9
1,761,365,74,11,9
2,761,471,74,10,9
1,762,365,75,11,9
2,762,470,74,10,9
1,763,364,75,11,9
2,763,469,74,10,9
1,764,365,75,11,9
2,764,470,75,10,9
1,765,366,75,11,9
2,765,467,75,10,9
1,766,368,75,11,9
2,766,467,75,10,9
1,767,367,76,11,9
2,767,467,76,10,9
1,768,366,76,11,9
2,768,467,76,10,9
1,769,369,75,11,9
2,769,470,75,10,9
1,770,369,76,11,9
2,770,470,77,10,9
1,771,368,78,11,9
2,771,469,79,10,9
1,772,368,76,11,9
2,772,469,76,10,9
1,773,369,76,11,9
2,773,470,76,10,9
1,774,369,79,11,9
2,774,471,78,10,9
1,775,370,77,11,9
2,775,472,78,10,9
1,776,370,77,11,9
2,776,471,78,10,9
1,777,367,79,11,9
2,777,469,79,10,9
1,778,371,78,11,9
2,778,472,78,10,9
1,779,371,78,11,9
2,779,472,79,10,9
1,780,369,80,11,9
2,780,471,80,10,9
1,781,371,79,11,9
2,781,473,79,10,9
1,782,371,79,11,9
2,782,472,80,10,9
1,783,370,79,11,9
2,783,472,80,10,9
1,784,373,78,11,9
2,784,474,78,10,9
1,785,371,79,11,9
2,785,473,79,10,9
1,786,371,81,11,9
2,786,472,81,10,9
1,787,373,80,11,9
2,787,474,80,10,9
1,788,373,78,11,9
2,788,475,78,10,9
1,789,372,78,11,9
2,789,474,78,10,9
1,790,373,79,11,9
2,790,475,78,10,9
1,791,373,81,11,9
2,791,475,80,10,9
1,792,372,80,11,9
2,792,474,80,10,9
1,793,374,76,11,9
2,793,476,76,10,9
1,794,372,78,11,9
2,794,474,78,10,9
1,795,369,78,11,9
2,795,476,78,10,9
1,796,371,75,11,9
2,796,478,75,10,9
1,797,371,76,11,9
2,797,478,76,10,9
1,798,372,78,11,9
2,798,479,78,10,9
1,799,370,79,11,9
2,799,478,77,10,9
1,800,369,78,11,9
2,800,475,77,10,9
1,801,372,81,11,9
2,801,476,80,10,9
1,802,375,83,11,9
2,802,477,81,10,9
1,803,374,82,11,9
2,803,476,81,10,9
1,804,374,83,11,9
2,804,478,82,10,9
1,805,372,82,11,9
2,805,475,80,10,9
1,806,372,82,11,9
2,806,476,80,10,9
1,807,375,81,11,9
2,807,478,79,10,9
1,808,375,82,11,9
2,808,478,80,10,9
1,809,372,84,11,9
2,809,476,82,10,9
1,810,376,84,11,9
2,810,479,82,10,9
1,811,375,82,11,9
2,811,478,81,10,9
1,812,374,84,11,9
2,812,477,82,10,9
1,813,377,86,11,9
2,813,479,83,10,9
1,814,377,87,11,9
2,814,481,85,10,9
1,815,376,86,11,9
2,815,480,84,10,9
1,816,378,86,11,9
2,816,481,83,10,9
1,817,376,86,11,9
2,817,480,83,10,9
1,818,376,85,11,9
2,818,480,83,10,9
1,819,377,84,11,9
2,819,481,83,10,9
1,820,378,87,11,9
2,820,482,85,10,9
1,821,377,87,11,9
2,821,480,84,10,9
1,822,376,86,11,9
2,822,480,84,10,9
1,823,376,87,11,9
2,823,481,86,10,9
1,824,378,86,11,9
2,824,483,85,10,9
1,825,378,87,11,9
2,825,482,85,10,9
1,826,377,87,11,9
2,826,481,86,10,9
1,827,379,86,11,9
2,827,484,85,10,9
1,828,377,87,11,9
2,828,482,86,10,9
1,829,378,86,11,9
2,829,483,85,10,9
1,830,377,87,11,9
2,830,485,86,10,9
1,831,373,87,11,9
2,831,483,86,10,9
1,832,377,87,11,9
2,832,487,86,10,9
1,833,377,88,11,9
2,833,487,86,10,9
1,834,376,91,11,9
2,834,487,90,10,9
1,835,377,90,11,9
2,835,487,89,10,9
1,836,377,88,11,9
2,836,486,88,10,9
1,837,380,89,11,9
2,837,486,89,10,9
1,838,379,91,11,9
2,838,485,90,10,9
1,839,380,91,11,9
2,839,485,91,10,9
1,840,380,89,11,9
2,840,486,89,10,9
1,841,379,91,11,9
2,841,484,91,10,9
1,842,380,91,11,9
2,842,485,91,10,9
1,843,379,91,11,9
2,843,485,90,10,9
1,844,379,91,11,9
2,844,484,89,10,9
1,845,379,93,11,9
2,845,486,92,10,9
1,846,380,94,11,9
2,846,486,93,10,9
1,847,379,92,11,9
2,847,485,91,10,9
1,848,380,92,11,9
2,848,486,91,10,9
1,849,381,96,11,9
2,849,487,94,10,9
1,850,379,96,11,9
2,850,485,94,10,9
1,851,380,95,11,9
2,851,487,92,10,9
1,852,381,96,11,9
2,852,488,94,10,9
1,853,382,98,11,9
2,853,489,96,10,9
1,854,382,95,11,9
2,854,488,93,10,9
1,855,381,94,11,9
2,855,488,91,10,9
1,856,382,97,11,9
2,856,489,94,10,9
1,857,382,97,11,9
2,857,488,96,10,9
1,858,382,96,11,9
2,858,489,95,10,9
1,859,382,95,11,9
2,859,488,94,10,9
1,860,381,96,11,9
2,860,488,94,10,9
1,861,382,98,11,9
2,861,489,97,10,9
1,862,383,97,11,9
2,862,490,97,10,9
1,863,383,97,11,9
2,863,490,97,10,9
1,864,383,98,11,9
2,864,490,98,10,9
1,865,384,99,11,9
2,865,491,99,10,9
1,866,381,95,11,9
2,866,492,95,10,9
1,867,382,97,11,9
2,867,494,97,10,9
1,868,381,96,11,9
2,868,493,97,10,9
1,869,381,96,11,9
2,869,494,97,10,9
1,870,380,97,11,9
2,870,493,98,10,9
1,871,380,96,11,9
2,871,493,98,10,9
1,872,381,96,11,9
2,872,491,99,10,9
1,873,383,97,11,9
2,873,491,98,10,9
1,874,384,97,11,9
2,874,492,99,10,9
1,875,383,100,11,9
2,875,491,101,10,9
1,876,386,100,11,9
2,876,494,102,10,9
1,877,384,96,11,9
2,877,493,99,10,9
1,878,383,98,11,9
2,878,492,100,10,9
1,879,383,102,11,9
2,879,491,104,10,9
1,880,383,101,11,9
2,880,491,104,10,9
1,881,385,99,11,9
2,881,493,102,10,9
1,882,385,101,11,9
2,882,494,103,10,9
1,883,386,102,11,9
2,883,495,103,10,9
1,884,383,101,11,9
2,884,492,103,10,9
1,885,384,101,11,9
2,885,493,102,10,9
1,886,385,101,11,9
2,886,494,103,10,9
1,887,387,103,11,9
2,887,496,104,10,9
1,888,384,103,11,9
2,888,492,104,10,9
1,889,384,101,11,9
2,889,493,104,10,9
1,890,386,102,11,9
2,890,495,104,10,9
1,891,386,104,11,9
2,891,495,105,10,9
1,892,386,104,11,9
2,892,495,105,10,9
1,893,387,106,11,9
2,893,495,107,10,9
1,894,385,105,11,9
2,894,495,106,10,9
1,895,388,103,11,9
2,895,497,105,10,9
1,896,386,103,11,9
2,896,496,105,10,9
1,897,386,106,11,9
2,897,496,108,10,9
1,898,387,106,11,9
2,898,496,108,10,9
1,899,387,106,11,9
2,899,497,108,10,9
1,900,387,106,11,9
2,900,496,107,10,9
1,901,388,106,11,9
2,901,497,108,10,9
1,902,385,106,11,9
2,902,500,108,10,9
1,903,384,106,11,9
2,903,499,108,10,9
1,904,385,106,11,9
2,904,501,109,10,9
1,905,385,107,11,9
2,905,500,109,10,9
1,906,385,108,11,9
2,906,501,110,10,9
1,907,386,108,11,9
2,907,501,110,10,9
1,908,388,109,11,9
2,908,498,112,10,9
1,909,387,109,11,9
2,909,499,112,10,9
1,910,388,110,11,9
2,910,498,112,10,9
1,911,388,111,11,9
2,911,499,113,10,9
1,912,388,110,11,9
2,912,498,112,10,9
1,913,389,109,11,9
2,913,500,112,10,9
1,914,390,111,11,9
2,914,501,114,10,9
1,915,390,109,11,9
2,915,500,112,10,9
1,916,390,110,11,9
2,916,501,113,10,9
1,917,390,112,11,9
2,917,501,115,10,9
1,918,390,113,11,9
2,918,501,115,10,9
1,919,390,111,11,9
2,919,502,114,10,9
1,920,391,112,11,9
2,920,502,115,10,9
1,921,389,111,11,9
2,921,501,115,10,9
1,922,390,111,11,9
2,922,502,115,10,9
1,923,391,112,11,9
2,923,503,116,10,9
1,924,391,116,11,9
2,924,502,119,10,9
1,925,395,114,11,9
2,925,506,118,10,9
1,926,391,113,11,9
2,926,502,117,10,9
1,927,389,114,11,9
2,927,502,119,10,9
1,928,393,115,11,9
2,928,504,119,10,9
1,929,393,115,11,9
2,929,505,119,10,9
1,930,391,114,11,9
2,930,502,118,10,9
1,931,394,114,11,9
2,931,506,118,10,9
1,932,393,117,11,9
2,932,506,121,10,9
1,933,393,118,11,9
2,933,505,122,10,9
1,934,392,114,11,9
2,934,506,118,10,9
1,935,394,118,11,9
2,935,506,121,10,9
1,936,393,118,11,9
2,936,506,121,10,9
1,937,395,116,11,9
2,937,507,120,10,9
1,938,391,116,11,9
2,938,509,119,10,9
1,939,390,117,11,9
2,939,509,121,10,9
1,940,392,116,11,9
2,940,510,120,10,9
1,941,391,117,11,9
2,941,509,120,10,9
1,942,392,117,11,9
2,942,511,120,10,9
1,943,392,117,11,9
2,943,510,120,10,9
1,944,395,120,11,9
2,944,509,122,10,9
1,945,396,122,11,9
2,945,509,124,10,9
1,946,396,120,11,9
2,946,509,122,10,9
1,947,398,122,11,9
2,947,511,125,10,9
1,948,397,122,11,9
2,948,510,124,10,9
1,949,398,121,11,9
2,949,511,122,10,9
1,950,396,119,11,9
2,950,510,121,10,9
1,951,398,126,11,9
2,951,512,128,10,9
1,952,399,126,11,9
2,952,512,127,10,9
1,953,398,122,11,9
2,953,512,122,10,9
1,954,397,121,11,9
2,954,511,120,10,9
1,955,398,124,11,9
2,955,512,123,10,9
1,956,396,123,11,9
2,956,511,123,10,9
1,957,398,123,11,9
2,957,512,122,10,9
1,958,398,124,11,9
2,958,513,123,10,9
1,959,398,126,11,9
2,959,513,124,10,9
1,960,398,125,11,9
2,960,513,122,10,9
1,961,398,126,11,9
2,961,513,122,10,9
1,962,398,127,11,9
2,962,513,124,10,9
1,963,399,127,11,9
2,963,514,124,10,9
1,964,399,127,11,9
2,964,514,124,10,9
1,965,398,126,11,9
2,965,513,122,10,9
1,966,399,126,11,9
2,966,514,122,10,9
1,967,400,128,11,9
2,967,516,123,10,9
1,968,401,129,11,9
2,968,517,123,10,9
1,969,399,128,11,9
2,969,515,122,10,9
1,970,400,129,11,9
2,970,516,124,10,9
1,971,401,130,11,9
2,971,517,124,10,9
1,972,400,129,11,9
2,972,515,123,10,9
1,973,398,129,11,9
2,973,520,122,10,9
1,974,398,128,11,9
2,974,519,122,10,9
1,975,398,128,11,9
2,975,520,122,10,9
1,976,399,127,11,9
2,976,521,122,10,9
1,977,399,128,11,9
2,977,521,123,10,9
1,978,398,129,11,9
2,978,519,124,10,9
1,979,399,129,11,9
2,979,518,125,10,9
1,980,400,130,11,9
2,980,518,125,10,9
1,981,403,130,11,9
2,981,520,125,10,9
1,982,403,130,11,9
2,982,520,125,10,9
1,983,401,131,11,9
2,983,517,127,10,9
1,984,401,130,11,9
2,984,519,126,10,9
1,985,405,129,11,9
2,985,522,125,10,9
1,986,403,131,11,9
2,986,521,127,10,9
1,987,402,132,11,9
2,987,520,128,10,9
1,988,403,129,11,9
2,988,520,124,10,9
1,989,403,130,11,9
2,989,521,127,10,9
1,990,404,131,11,9
2,990,521,128,10,9
1,991,403,128,11,9
2,991,520,125,10,9
1,992,403,129,11,9
2,992,521,127,10,9
1,993,403,130,11,9
2,993,520,128,10,9
1,994,405,128,11,9
2,994,522,125,10,9
1,995,402,129,11,9
2,995,520,125,10,9
1,996,403,131,11,9
2,996,522,128,10,9
1,997,405,131,11,9
2,997,524,129,10,9
1,998,405,128,11,9
2,998,523,126,10,9
1,999,403,129,11,9
2,999,522,126,10,9
1,1000,404,130,11,9
2,1000,522,127,10,9
1,1001,404,130,11,9
2,1001,523,128,10,9
1,1002,405,130,11,9
2,1002,523,128,10,9
1,1003,407,132,11,9
2,1003,525,130,10,9
1,1004,406,131,11,9
2,1004,524,129,10,9
1,1005,405,129,11,9
2,1005,524,128,10,9
1,1006,405,132,11,9
2,1006,524,132,10,9
1,1007,406,131,11,9
2,1007,525,131,10,9
1,1008,406,129,11,9
2,1008,525,129,10,9
1,1009,401,127,11,9
2,1009,526,127,10,9
1,1010,400,128,11,9
2,1010,525,129,10,9
1,1011,401,127,11,9
2,1011,527,127,10,9
1,1012,404,126,11,9
2,1012,529,127,10,9
1,1013,402,128,11,9
2,1013,528,129,10,9
1,1014,401,131,11,9
2,1014,527,133,10,9
1,1015,403,129,11,9
2,1015,526,131,10,9
1,1016,406,129,11,9
2,1016,526,130,10,9
1,1017,404,130,11,9
2,1017,524,130,10,9
1,1018,406,130,11,9
2,1018,526,131,10,9
1,1019,405,129,11,9
2,1019,526,130,10,9
1,1020,405,131,11,9
2,1020,525,133,10,9
1,1021,406,128,11,9
2,1021,526,130,10,9
1,1022,406,129,11,9
2,1022,526,130,10,9
1,1023,405,130,11,9
2,1023,525,131,10,9
1,1024,405,129,11,9
2,1024,526,130,10,9
1,1025,407,130,11,9
2,1025,528,131,10,9
1,1026,407,132,11,9
2,1026,528,133,10,9
1,1027,407,129,11,9
2,1027,527,130,10,9
1,1028,405,131,11,9
2,1028,525,131,10,9
1,1029,406,133,11,9
2,1029,527,134,10,9
1,1030,407,133,11,9
2,1030,527,133,10,9
1,1031,409,131,11,9
2,1031,530,131,10,9
1,1032,407,134,11,9
2,1032,528,133,10,9
1,1033,406,135,11,9
2,1033,528,134,10,9
1,1034,407,134,11,9
2,1034,528,133,10,9
1,1035,409,133,11,9
2,1035,530,132,10,9
1,1036,409,134,11,9
2,1036,530,132,10,9
1,1037,407,134,11,9
2,1037,530,133,10,9
1,1038,406,134,11,9
2,1038,528,133,10,9
1,1039,409,135,11,9
2,1039,531,135,10,9
1,1040,410,134,11,9
2,1040,532,133,10,9
1,1041,409,135,11,9
2,1041,532,134,10,9
1,1042,409,136,11,9
2,1042,532,135,10,9
1,1043,408,138,11,9
2,1043,531,137,10,9
1,1044,411,137,11,9
2,1044,533,136,10,9
1,1045,409,135,11,9
2,1045,536,135,10,9
1,1046,408,138,11,9
2,1046,537,137,10,9
1,1047,409,139,11,9
2,1047,537,139,10,9
1,1048,410,138,11,9
2,1048,538,138,10,9
1,1049,408,136,11,9
2,1049,537,137,10,9
1,1050,411,138,11,9
2,1050,540,139,10,9
1,1051,409,139,11,9
2,1051,535,141,10,9
1,1052,410,141,11,9
2,1052,533,142,10,9
1,1053,413,140,11,9
2,1053,537,141,10,9
1,1054,413,139,11,9
2,1054,536,141,10,9
1,1055,412,141,11,9
2,1055,536,142,10,9
1,1056,412,141,11,9
2,1056,535,142,10,9
1,1057,414,141,11,9
2,1057,538,143,10,9
1,1058,413,142,11,9
2,1058,537,144,10,9
1,1059,414,139,11,9
2,1059,537,141,10,9
1,1060,414,140,11,9
2,1060,538,143,10,9
1,1061,412,142,11,9
2,1061,537,145,10,9
1,1062,414,142,11,9
2,1062,538,144,10,9
1,1063,413,141,11,9
2,1063,538,143,10,9
1,1064,414,143,11,9
2,1064,538,145,10,9
1,1065,416,143,11,9
2,1065,539,144,10,9
1,1066,415,143,11,9
2,1066,539,144,10,9
1,1067,415,144,11,9
2,1067,540,145,10,9
1,1068,417,144,11,9
2,1068,542,146,10,9
1,1069,416,145,11,9
2,1069,540,146,10,9
1,1070,416,146,11,9
2,1070,541,146,10,9
1,1071,418,145,11,9
2,1071,542,146,10,9
1,1072,417,146,11,9
2,1072,542,147,10,9
1,1073,415,145,11,9
2,1073,541,146,10,9
1,1074,417,145,11,9
2,1074,543,146,10,9
1,1075,416,147,11,9
2,1075,541,147,10,9
1,1076,417,145,11,9
2,1076,542,146,10,9
1,1077,417,145,11,9
2,1077,543,144,10,9
1,1078,417,145,11,9
2,1078,543,144,10,9
1,1079,419,146,11,9
2,1079,544,146,10,9
1,1080,418,148,11,9
2,1080,544,147,10,9
1,1081,418,147,11,9
2,1081,546,144,10,9
1,1082,415,146,11,9
2,1082,547,145,10,9
1,1083,414,146,11,9
2,1083,546,145,10,9
1,1084,416,147,11,9
2,1084,549,146,10,9
1,1085,415,148,11,9
2,1085,547,147,10,9
1,1086,415,146,11,9
2,1086,546,146,10,9
1,1087,419,146,11,9
2,1087,547,146,10,9
1,1088,418,150,11,9
2,1088,544,149,10,9
1,1089,418,152,11,9
2,1089,544,151,10,9
1,1090,418,149,11,9
2,1090,546,148,10,9
1,1091,418,150,11,9
2,1091,545,149,10,9
1,1092,421,153,11,9
2,1092,548,151,10,9
1,1093,420,149,11,9
2,1093,546,149,10,9
1,1094,419,152,11,9
2,1094,546,151,10,9
1,1095,420,152,11,9
2,1095,547,151,10,9
1,1096,422,151,11,9
2,1096,549,150,10,9
1,1097,420,151,11,9
2,1097,548,150,10,9
1,1098,421,151,11,9
2,1098,549,149,10,9
1,1099,421,152,11,9
2,1099,549,151,10,9
1,1100,422,153,11,9
2,1100,550,152,10,9
1,1101,422,153,11,9
2,1101,550,151,10,9
1,1102,422,152,11,9
2,1102,550,152,10,9
1,1103,421,152,11,9
2,1103,548,152,10,9
1,1104,423,152,11,9
2,1104,551,151,10,9
1,1105,423,153,11,9
2,1105,551,152,10,9
1,1106,423,154,11,9
2,1106,551,154,10,9
1,1107,424,153,11,9
2,1107,552,152,10,9
1,1108,423,155,11,9
2,1108,552,154,10,9
1,1109,421,154,11,9
2,1109,550,153,10,9
1,1110,424,153,11,9
2,1110,553,153,10,9
1,1111,425,155,11,9
2,1111,554,154,10,9
1,1112,423,157,11,9
2,1112,552,155,10,9
1,1113,424,155,11,9
2,1113,554,153,10,9
1,1114,424,155,11,9
2,1114,554,153,10,9
1,1115,423,155,11,9
2,1115,552,153,10,9
1,1116,425,155,11,9
2,1116,555,153,10,9
1,1117,423,157,11,9
2,1117,555,155,10,9
1,1118,422,157,11,9
2,1118,558,154,10,9
1,1119,424,155,11,9
2,1119,560,152,10,9
1,1120,424,156,11,9
2,1120,559,153,10,9
1,1121,423,158,11,9
2,1121,558,156,10,9
1,1122,424,156,11,9
2,1122,560,154,10,9
1,1123,426,158,11,9
2,1123,556,157,10,9
1,1124,426,159,11,9
2,1124,557,157,10,9
1,1125,428,157,11,9
2,1125,558,156,10,9
1,1126,429,158,11,9
2,1126,559,157,10,9
1,1127,427,158,11,9
2,1127,557,157,10,9
1,1128,429,158,11,9
2,1128,559,158,10,9
1,1129,428,160,11,9
2,1129,559,160,10,9
1,1130,429,159,11,9
2,1130,559,159,10,9
1,1131,429,157,11,9
2,1131,559,157,10,9
1,1132,430,161,11,9
2,1132,561,160,10,9
1,1133,429,162,11,9
2,1133,561,162,10,9
1,1134,429,159,11,9
2,1134,559,159,10,9
1,1135,430,160,11,9
2,1135,562,160,10,9
1,1136,430,161,11,9
2,1136,561,162,10,9
1,1137,430,162,11,9
2,1137,563,162,10,9
1,1138,430,160,11,9
2,1138,562,160,10,9
1,1139,430,162,11,9
2,1139,562,161,10,9
1,1140,430,164,11,9
2,1140,563,163,10,9
1,1141,430,163,11,9
2,1141,562,162,10,9
1,1142,429,161,11,9
2,1142,562,161,10,9
1,1143,431,162,11,9
2,1143,563,163,10,9
1,1144,433,165,11,9
2,1144,565,165,10,9
1,1145,430,164,11,9
2,1145,563,164,10,9
1,1146,431,163,11,9
2,1146,564,164,10,9
1,1147,433,165,11,9
2,1147,565,166,10,9
1,1148,432,166,11,9
2,1148,564,168,10,9
1,1149,432,165,11,9
2,1149,565,166,10,9
1,1150,433,164,11,9
2,1150,566,165,10,9
1,1151,434,167,11,9
2,1151,567,169,10,9
1,1152,434,167,11,9
2,1152,566,169,10,9
1,1153,434,167,11,9
2,1153,567,169,10,9
1,1154,433,170,11,9
2,1154,566,172,10,9
1,1155,434,169,11,9
2,1155,567,171,10,9
1,1156,435,169,11,9
2,1156,567,170,10,9
1,1157,435,172,11,9
2,1157,568,174,10,9
1,1158,435,171,11,9
2,1158,569,173,10,9
1,1159,435,169,11,9
2,1159,570,170,10,9
1,1160,435,171,11,9
2,1160,569,173,10,9
1,1161,436,174,11,9
2,1161,569,175,10,9
1,1162,437,172,11,9
2,1162,571,172,10,9
1,1163,436,175,11,9
2,1163,570,174,10,9
1,1164,436,177,11,9
2,1164,571,176,10,9
1,1165,437,177,11,9
2,1165,572,175,10,9
1,1166,437,177,11,9
2,1166,572,174,10,9
1,1167,438,181,11,9
2,1167,573,178,10,9
1,1168,437,183,11,9
2,1168,572,179,10,9
1,1169,438,181,11,9
2,1169,573,176,10,9
1,1170,439,180,11,9
2,1170,574,176,10,9
1,1171,440,185,11,9
2,1171,575,180,10,9
1,1172,438,187,11,9
2,1172,573,182,10,9
1,1173,439,184,11,9
2,1173,575,178,10,9
1,1174,441,186,11,9
2,1174,576,180,10,9
1,1175,440,187,11,9
2,1175,576,181,10,9
1,1176,440,187,11,9
2,1176,575,180,10,9
1,1177,440,188,11,9
2,1177,575,181,10,9
1,1178,443,191,11,9
2,1178,579,184,10,9
1,1179,442,192,11,9
2,1179,578,185,10,9
1,1180,442,193,11,9
2,1180,578,187,10,9
1,1181,441,192,11,9
2,1181,577,187,10,9
1,1182,443,192,11,9
2,1182,578,187,10,9
1,1183,444,194,11,9
2,1183,581,190,10,9
1,1184,444,195,11,9
2,1184,581,191,10,9
1,1185,442,196,11,9
2,1185,579,193,10,9
1,1186,442,196,11,9
2,1186,580,193,10,9
1,1187,444,196,11,9
2,1187,581,194,10,9
1,1188,446,199,11,9
2,1188,581,196,10,9
1,1189,445,199,11,9
2,1189,582,197,10,9
1,1190,446,198,11,9
2,1190,581,197,10,9
1,1191,445,198,11,9
2,1191,581,198,10,9
1,1192,445,199,11,9
2,1192,582,198,10,9
1,1193,447,199,11,9
2,1193,583,198,10,9
1,1194,447,201,11,9
2,1194,585,201,10,9
1,1195,446,203,11,9
2,1195,584,204,10,9
1,1196,446,201,11,9
2,1196,584,201,10,9
1,1197,447,203,11,9
2,1197,585,203,10,9
1,1198,447,205,11,9
2,1198,586,205,10,9
1,1199,448,204,11,9
2,1199,587,204,10,9
1,1200,449,205,11,9
2,1200,586,205,10,9
1,1201,448,207,11,9
2,1201,587,207,10,9
1,1202,449,207,11,9
2,1202,587,206,10,9
1,1203,449,208,11,9
2,1203,588,207,10,9
1,1204,449,209,11,9
2,1204,588,208,10,9
1,1205,449,208,11,9
2,1205,587,207,10,9
1,1206,449,209,11,9
2,1206,588,208,10,9
1,1207,450,212,11,9
2,1207,590,211,10,9
1,1208,450,212,11,9
2,1208,589,211,10,9
1,1209,449,212,11,9
2,1209,589,210,10,9
1,1210,450,214,11,9
2,1210,590,212,10,9
1,1211,451,216,11,9
2,1211,590,213,10,9
1,1212,450,215,11,9
2,1212,591,212,10,9
1,1213,451,215,11,9
2,1213,591,213,10,9
1,1214,452,216,11,9
2,1214,592,213,10,9
1,1215,451,217,11,9
2,1215,592,213,10,9
1,1216,451,217,11,9
2,1216,591,214,10,9
1,1217,451,219,11,9
2,1217,592,216,10,9
1,1218,451,218,11,9
2,1218,592,214,10,9
1,1219,452,219,11,9
2,1219,593,215,10,9
1,1220,453,221,11,9
2,1220,594,216,10,9
1,1221,453,222,11,9
2,1221,594,217,10,9
1,1222,453,221,11,9
2,1222,594,217,10,9
1,1223,452,222,11,9
2,1223,594,218,10,9
1,1224,454,222,11,9
2,1224,595,217,10,9
1,1225,454,223,11,9
2,1225,594,219,10,9
1,1226,453,224,11,9
2,1226,594,220,10,9
1,1227,453,224,11,9
2,1227,594,219,10,9
1,1228,454,224,11,9
2,1228,595,219,10,9
1,1229,454,224,11,9
2,1229,595,220,10,9
1,1230,453,224,11,9
2,1230,596,220,10,9
1,1231,453,225,11,9
2,1231,596,221,10,9
1,1232,453,226,11,9
2,1232,596,222,10,9
1,1233,455,226,11,9
2,1233,598,222,10,9
1,1234,455,227,11,9
2,1234,599,224,10,9
1,1235,454,227,11,9
2,1235,597,223,10,9
1,1236,454,228,11,9
2,1236,598,224,10,9
1,1237,455,229,11,9
2,1237,599,225,10,9
1,1238,456,228,11,9
2,1238,600,224,10,9
1,1239,457,229,11,9
2,1239,600,226,10,9
1,1240,456,230,11,9
2,1240,600,226,10,9
1,1241,456,230,11,9
2,1241,601,227,10,9
1,1242,456,230,11,9
2,1242,601,228,10,9
1,1243,457,231,11,9
2,1243,601,229,10,9
1,1244,458,233,11,9
2,1244,602,229,10,9
1,1245,457,232,11,9
2,1245,602,229,10,9
1,1246,457,231,11,9
2,1246,603,229,10,9
1,1247,458,233,11,9
2,1247,603,230,10,9
1,1248,459,234,11,9
2,1248,603,231,10,9
1,1249,458,234,11,9
2,1249,604,231,10,9
1,1250,458,235,11,9
2,1250,603,232,10,9
1,1251,459,235,11,9
2,1251,604,232,10,9
1,1252,460,235,11,9
2,1252,606,233,10,9
1,1253,458,236,11,9
2,1253,604,233,10,9
1,1254,458,236,11,9
2,1254,605,233,10,9
1,1255,459,237,11,9
2,1255,605,234,10,9
1,1256,459,237,11,9
2,1256,605,234,10,9
1,1257,459,237,11,9
2,1257,606,233,10,9
1,1258,459,238,11,9
2,1258,605,234,10,9
1,1259,459,239,11,9
2,1259,605,234,10,9
1,1260,457,238,11,9
2,1260,610,233,10,9
1,1261,457,240,11,9
2,1261,610,236,10,9
1,1262,457,239,11,9
2,1262,611,235,10,9
1,1263,457,239,11,9
2,1263,611,235,10,9
1,1264,457,241,11,9
2,1264,610,237,10,9
1,1265,458,242,11,9
2,1265,612,237,10,9
1,1266,461,243,11,9
2,1266,609,238,10,9
1,1267,461,243,11,9
2,1267,608,238,10,9
1,1268,461,243,11,9
2,1268,609,239,10,9
1,1269,461,245,11,9
2,1269,609,241,10,9
1,1270,461,245,11,9
2,1270,609,241,10,9
1,1271,461,244,11,9
2,1271,610,240,10,9
1,1272,463,245,11,9
2,1272,610,241,10,9
1,1273,461,247,11,9
2,1273,610,243,10,9
1,1274,460,246,11,9
2,1274,610,242,10,9
1,1275,461,245,11,9
2,1275,610,243,10,9
1,1276,462,247,11,9
2,1276,612,245,10,9
1,1277,463,247,11,9
2,1277,612,246,10,9
1,1278,462,246,11,9
2,1278,611,246,10,9
1,1279,462,247,11,9
2,1279,612,248,10,9
1,1280,463,247,11,9
2,1280,612,249,10,9
1,1281,464,246,11,9
2,1281,613,248,10,9
1,1282,463,246,11,9
2,1282,613,250,10,9
1,1283,463,247,11,9
2,1283,613,251,10,9
1,1284,464,247,11,9
2,1284,614,252,10,9
1,1285,464,247,11,9
2,1285,613,252,10,9
1,1286,465,247,11,9
2,1286,615,253,10,9
1,1287,465,248,11,9
2,1287,615,254,10,9
1,1288,464,249,11,9
2,1288,616,256,10,9
1,1289,464,249,11,9
2,1289,616,256,10,9
1,1290,465,249,11,9
2,1290,616,257,10,9
1,1291,466,251,11,9
2,1291,616,259,10,9
1,1292,464,251,11,9
2,1292,616,259,10,9
1,1293,465,252,11,9
2,1293,617,259,10,9
1,1294,467,253,11,9
2,1294,618,259,10,9
1,1295,467,255,11,9
2,1295,622,261,10,9
1,1296,463,254,11,9
2,1296,622,261,10,9
1,1297,463,254,11,9
2,1297,622,260,10,9
1,1298,464,256,11,9
2,1298,622,261,10,9
1,1299,465,257,11,9
2,1299,623,262,10,9
1,1300,464,257,11,9
2,1300,624,262,10,9
1,1301,465,258,11,9
2,1301,624,263,10,9
1,1302,468,259,11,9
2,1302,621,264,10,9
1,1303,468,260,11,9
2,1303,620,263,10,9
1,1304,468,263,11,9
2,1304,621,265,10,9
1,1305,469,263,11,9
2,1305,622,265,10,9
1,1306,469,262,11,9
2,1306,621,265,10,9
1,1307,470,264,11,9
2,1307,622,266,10,9
1,1308,469,265,11,9
2,1308,622,267,10,9
1,1309,470,266,11,9
2,1309,624,267,10,9
1,1310,470,266,11,9
2,1310,623,268,10,9
1,1311,470,267,11,9
2,1311,624,268,10,9
1,1312,471,268,11,9
2,1312,624,268,10,9
1,1313,471,270,11,9
2,1313,624,269,10,9
1,1314,471,271,11,9
2,1314,625,270,10,9
1,1315,471,271,11,9
2,1315,625,271,10,9
1,1316,470,272,11,9
2,1316,625,271,10,9
1,1317,472,273,11,9
2,1317,626,273,10,9
1,1318,473,274,11,9
2,1318,627,274,10,9
1,1319,473,273,11,9
2,1319,626,273,10,9
1,1320,473,274,11,9
2,1320,626,274,10,9
1,1321,473,275,11,9
2,1321,628,275,10,9
1,1322,474,275,11,9
2,1322,629,275,10,9
1,1323,473,275,11,9
2,1323,628,275,10,9
1,1324,474,276,11,9
2,1324,630,276,10,9
1,1325,474,278,11,9
2,1325,629,277,10,9
1,1326,474,278,11,9
2,1326,630,278,10,9
1,1327,474,278,11,9
2,1327,630,279,10,9
1,1328,475,278,11,9
2,1328,630,279,10,9
1,1329,477,279,11,9
2,1329,632,280,10,9
1,1330,477,279,11,9
2,1330,632,280,10,9
1,1331,472,278,11,9
2,1331,636,279,10,9
1,1332,471,279,11,9
2,1332,636,281,10,9
1,1333,472,279,11,9
2,1333,636,282,10,9
1,1334,474,279,11,9
2,1334,639,281,10,9
1,1335,474,281,11,9
2,1335,638,283,10,9
1,1336,474,282,11,9
2,1336,639,285,10,9
1,1337,474,281,11,9
2,1337,635,286,10,9
1,1338,479,283,11,9
2,1338,635,286,10,9
1,1339,480,285,11,9
2,1339,636,288,10,9
1,1340,481,286,11,9
2,1340,636,289,10,9
1,1341,481,286,11,9
2,1341,637,289,10,9
1,1342,479,286,11,9
2,1342,637,289,10,9
1,1343,481,287,11,9
2,1343,638,290,10,9
1,1344,480,287,11,9
2,1344,638,291,10,9
1,1345,480,286,11,9
2,1345,639,291,10,9
1,1346,481,287,11,9
2,1346,640,291,10,9
1,1347,480,289,11,9
2,1347,640,293,10,9
1,1348,480,288,11,9
2,1348,640,292,10,9
1,1349,481,287,11,9
2,1349,641,292,10,9
1,1350,483,290,11,9
2,1350,641,294,10,9
1,1351,483,291,11,9
2,1351,642,295,10,9
1,1352,483,289,11,9
2,1352,642,293,10,9
1,1353,483,291,11,9
2,1353,642,295,10,9
1,1354,484,292,11,9
2,1354,643,296,10,9
1,1355,483,291,11,9
2,1355,643,295,10,9
1,1356,483,292,11,9
2,1356,644,296,10,9
1,1357,483,291,11,9
2,1357,644,296,10,9
1,1358,487,293,11,9
2,1358,646,296,10,9
1,1359,488,295,11,9
2,1359,646,298,10,9
1,1360,487,294,11,9
2,1360,646,297,10,9
1,1361,487,293,11,9
2,1361,647,297,10,9
1,1362,486,294,11,9
2,1362,647,298,10,9
1,1363,487,294,11,9
2,1363,647,297,10,9
1,1364,487,295,11,9
2,1364,648,298,10,9
1,1365,485,295,11,9
2,1365,648,299,10,9
1,1366,486,295,11,9
2,1366,648,297,10,9
1,1367,484,296,11,9
2,1367,654,298,10,9
1,1368,483,297,11,9
2,1368,654,298,10,9
1,1369,483,296,11,9
2,1369,655,298,10,9
1,1370,484,297,11,9
2,1370,656,299,10,9
1,1371,484,298,11,9
2,1371,655,299,10,9
1,1372,485,297,11,9
2,1372,656,297,10,9
1,1373,485,299,11,9
2,1373,653,299,10,9
1,1374,488,300,11,9
2,1374,653,301,10,9
1,1375,489,299,11,9
2,1375,654,300,10,9
1,1376,489,300,11,9
2,1376,654,301,10,9
1,1377,489,301,11,9
2,1377,654,302,10,9
1,1378,488,301,11,9
2,1378,654,301,10,9
1,1379,489,301,11,9
2,1379,654,302,10,9
1,1380,490,301,11,9
2,1380,656,301,10,9
1,1381,491,302,11,9
2,1381,657,301,10,9
1,1382,490,304,11,9
2,1382,657,304,10,9
1,1383,490,303,11,9
2,1383,657,303,10,9
1,1384,489,303,11,9
2,1384,657,303,10,9
1,1385,491,305,11,9
2,1385,658,305,10,9
1,1386,492,305,11,9
2,1386,659,305,10,9
1,1387,493,306,11,9
2,1387,659,305,10,9
1,1388,492,306,11,9
2,1388,660,306,10,9
1,1389,493,307,11,9
2,1389,660,307,10,9
1,1390,493,307,11,9
2,1390,661,307,10,9
1,1391,493,306,11,9
2,1391,661,306,10,9
1,1392,493,307,11,9
2,1392,661,307,10,9
1,1393,493,309,11,9
2,1393,662,308,10,9
1,1394,493,307,11,9
2,1394,662,307,10,9
1,1395,493,307,11,9
2,1395,663,307,10,9
1,1396,494,310,11,9
2,1396,664,309,10,9
1,1397,495,310,11,9
2,1397,665,309,10,9
1,1398,496,309,11,9
2,1398,664,309,10,9
1,1399,495,310,11,9
2,1399,665,311,10,9
1,1400,495,311,11,9
2,1400,665,311,10,9
1,1401,495,311,11,9
2,1401,666,311,10,9
1,1402,497,313,11,9
2,1402,668,312,10,9
1,1403,494,312,11,9
2,1403,672,312,10,9
1,1404,494,311,11,9
2,1404,671,311,10,9
1,1405,495,314,11,9
2,1405,672,313,10,9
1,1406,495,314,11,9
2,1406,672,314,10,9
1,1407,496,314,11,9
2,1407,673,313,10,9
1,1408,496,315,11,9
2,1408,674,315,10,9
1,1409,496,317,11,9
2,1409,671,316,10,9
1,1410,497,316,11,9
2,1410,670,317,10,9
1,1411,498,317,11,9
2,1411,670,318,10,9
1,1412,498,318,11,9
2,1412,672,319,10,9
1,1413,499,319,11,9
2,1413,671,320,10,9
1,1414,499,318,11,9
2,1414,673,319,10,9
1,1415,497,320,11,9
2,1415,672,322,10,9
1,1416,499,321,11,9
2,1416,673,323,10,9
1,1417,499,321,11,9
2,1417,674,323,10,9
1,1418,502,322,11,9
2,1418,675,323,10,9
1,1419,502,324,11,9
2,1419,675,325,10,9
1,1420,502,325,11,9
2,1420,674,327,10,9
1,1421,501,323,11,9
2,1421,674,326,10,9
1,1422,502,324,11,9
2,1422,676,327,10,9
1,1423,501,327,11,9
2,1423,676,330,10,9
1,1424,501,327,11,9
2,1424,676,330,10,9
1,1425,502,326,11,9
2,1425,675,330,10,9
1,1426,501,328,11,9
2,1426,677,334,10,9
1,1427,504,330,11,9
2,1427,678,335,10,9
1,1428,504,329,11,9
2,1428,680,334,10,9
1,1429,504,329,11,9
2,1429,678,334,10,9
1,1430,504,330,11,9
2,1430,679,336,10,9
1,1431,505,332,11,9
2,1431,679,338,10,9
1,1432,506,332,11,9
2,1432,681,340,10,9
1,1433,505,333,11,9
2,1433,680,341,10,9
1,1434,505,335,11,9
2,1434,680,341,10,9
1,1435,505,335,11,9
2,1435,681,342,10,9
1,1436,505,335,11,9
2,1436,681,342,10,9
1,1437,507,335,11,9
2,1437,682,341,10,9
1,1438,506,337,11,9
2,1438,682,343,10,9
1,1439,504,339,11,9
2,1439,688,345,10,9
1,1440,506,338,11,9
2,1440,690,344,10,9
1,1441,505,339,11,9
2,1441,691,345,10,9
1,1442,504,341,11,9
2,1442,689,347,10,9
1,1443,507,341,11,9
2,1443,692,347,10,9
1,1444,505,343,11,9
2,1444,691,348,10,9
1,1445,507,345,11,9
2,1445,686,349,10,9
1,1446,509,346,11,9
2,1446,689,350,10,9
1,1447,508,349,11,9
2,1447,687,353,10,9
1,1448,509,349,11,9
2,1448,688,353,10,9
1,1449,511,352,11,9
2,1449,689,351,10,9
1,1450,514,356,11,9
2,1450,689,354,10,9
1,1451,514,356,11,9
2,1451,689,355,10,9
1,1452,515,355,11,9
2,1452,691,355,10,9
1,1453,514,357,11,9
2,1453,691,357,10,9
1,1454,512,354,11,9
2,1454,693,357,10,9
1,1455,511,354,11,9
2,1455,691,358,10,9
1,1456,513,357,11,9
2,1456,692,361,10,9