637,386,16,19
638,387,16,19
638,387,16,19
638,388,15,18
639,388,16,19
639,388,16,19
639,387,16,19
638,386,16,19
637,386,16,19
636,387,16,19
636,387,16,19
635,385,16,19
635,386,16,19
635,386,16,19
635,385,16,19
637,384,16,19
636,385,16,19
637,384,16,19
637,383,16,19
638,384,16,19
638,383,16,19
639,384,16,19
640,384,16,19
641,384,16,19
642,384,16,19
641,385,16,19
643,385,16,19
644,385,16,19
645,385,16,19
644,384,16,19
647,385,16,19
648,385,16,19
647,384,16,19
648,383,16,19
648,385,16,19
652,385,16,19
652,385,16,19
652,385,16,19
654,384,16,19
655,382,16,19
656,381,16,19
657,381,16,19
659,380,16,19
659,379,16,19
660,377,16,19
660,379,16,19
662,378,16,19
660,378,16,19
662,377,16,19
662,377,16,19
665,376,16,19
664,376,16,19
666,375,16,19
666,375,16,19
666,375,16,19
667,375,16,19
667,374,16,19
666,372,16,19
667,371,16,19
666,369,16,19
666,370,16,19
668,368,16,19
666,369,16,19
666,368,16,19
666,367,16,19
666,367,16,19
665,367,16,19
665,367,16,19
664,367,16,19
664,367,16,19
663,368,16,19
661,366,16,19
659,366,16,19
660,364,16,19
659,363,16,19
658,363,16,19
657,364,16,19
659,364,16,19
657,364,16,19
657,365,16,19
658,365,16,19
659,365,16,19
660,365,16,19
660,366,16,19
661,368,16,19
663,369,16,19
661,367,16,19
661,367,16,19
664,367,16,19
663,368,16,19
663,369,16,19
665,369,16,19
664,368,16,19
667,368,16,19
668,366,16,19
671,364,16,19
672,363,16,19
674,364,16,19
674,362,16,19
675,362,16,19
676,361,16,19
677,359,16,19
676,360,16,19
678,361,16,19
679,363,16,19
679,364,16,19
682,364,16,19
683,364,16,19
684,365,16,19
685,364,16,19
686,363,16,19
686,362,16,19
686,361,16,19
685,361,16,19
685,361,16,19
684,362,16,19
684,362,16,19
684,362,16,19
682,362,16,19
682,362,16,19
682,362,16,19
682,362,16,19
683,361,16,19
681,360,16,19
682,360,16,19
682,360,16,19
681,359,16,19
682,359,16,19
681,358,16,19
681,357,16,19
682,357,16,19
682,355,16,19
682,352,16,19
683,352,16,19
685,350,16,19
684,350,16,19
685,350,16,19
686,348,16,19
686,348,16,19
686,346,16,19
687,347,16,19
686,349,16,19
685,348,16,19
685,347,16,19
683,346,16,19
686,346,16,19
685,343,16,19
686,343,16,19
687,340,16,19
687,339,16,19
688,339,16,19
690,335,16,19
694,332,16,19
696,330,16,19
698,328,16,19
697,327,16,19
697,325,16,19
698,324,16,19
696,322,16,19
698,321,16,19
699,320,16,19
699,320,16,19
701,319,16,19
702,318,16,19
702,317,16,19
702,317,16,19
705,317,16,19
704,318,16,19
705,318,16,19
707,319,16,19
709,320,16,19
710,320,16,19
710,322,16,19
710,322,16,19
712,324,16,19
713,327,16,19
713,327,16,19
716,327,16,19
714,329,16,19
714,329,16,19
716,331,16,19
718,332,16,19
718,333,16,19
719,330,16,19
721,330,16,19
720,334,16,19
721,333,16,19
725,332,16,19
726,330,16,19
725,327,16,19
730,329,16,19
730,329,16,19
732,329,16,19
733,326,16,19
735,326,16,19
740,325,16,19
742,324,16,19
743,320,16,19
742,318,16,19
745,315,16,19
745,317,16,19
746,313,16,19
747,316,16,19
750,314,16,19
752,311,16,19
750,307,16,19
752,306,16,19
751,304,16,19
749,303,16,19
750,301,16,19
751,299,16,19
752,296,16,19
754,294,16,19
754,293,16,19
757,291,16,19
757,291,16,19
759,288,16,19
757,288,16,19
758,284,16,19
758,286,16,19
758,282,16,19
759,281,16,19
760,281,16,19
759,279,16,19
759,279,16,19
762,280,16,19
762,279,16,19
762,278,16,19
764,278,16,19
765,274,16,19
768,272,16,19
773,270,16,19
775,267,16,19
779,265,16,19
780,263,16,19
785,262,16,19
785,257,16,19
788,253,16,19
787,251,16,19
789,246,16,19
792,245,16,19
795,242,16,19
